character,category,base_species,keep(Y/n)
Aaron,elite4,SPECIES_CARNIVINE,Y
Aaron,elite4,SPECIES_CLEFFA,Y
Aaron,elite4,SPECIES_COMBEE,Y
Aaron,elite4,SPECIES_GIBLE,Y
Aaron,elite4,SPECIES_HEATRAN,Y
Aaron,elite4,SPECIES_HERACROSS,Y
Aaron,elite4,SPECIES_LICKITUNG,Y
Aaron,elite4,SPECIES_SCYTHER,Y
Aaron,elite4,SPECIES_SEVIPER,Y
Aaron,elite4,SPECIES_SHELLOS,Y
Aaron,elite4,SPECIES_SKORUPI,Y
Aaron,elite4,SPECIES_STUNKY,Y
Aaron,elite4,SPECIES_TRAPINCH,Y
Aaron,elite4,SPECIES_WURMPLE,Y
Aaron,elite4,SPECIES_YANMA,Y
Acerola,elite4,SPECIES_CELESTEELA,Y
Acerola,elite4,SPECIES_COSMOG,Y
Acerola,elite4,SPECIES_CUBONE,Y
Acerola,elite4,SPECIES_DHELMISE,Y
Acerola,elite4,SPECIES_DRIFLOON,Y
Acerola,elite4,SPECIES_FRILLISH,Y
Acerola,elite4,SPECIES_GASTLY,Y
Acerola,elite4,SPECIES_GUZZLORD,Y
Acerola,elite4,SPECIES_KARTANA,Y
Acerola,elite4,SPECIES_MEOWTH,Y
Acerola,elite4,SPECIES_MIMIKYU,Y
Acerola,elite4,SPECIES_MISDREAVUS,Y
Acerola,elite4,SPECIES_MUDBRAY,Y
Acerola,elite4,SPECIES_NECROZMA,Y
Acerola,elite4,SPECIES_PHEROMOSA,Y
Acerola,elite4,SPECIES_SABLEYE,Y
Acerola,elite4,SPECIES_SANDILE,Y
Acerola,elite4,SPECIES_SANDYGAST,Y
Acerola,elite4,SPECIES_SHUPPET,Y
Acerola,elite4,SPECIES_SNORUNT,Y
Acerola,elite4,SPECIES_TAPU_BULU,Y
Acerola,elite4,SPECIES_TAPU_LELE,Y
Acerola,elite4,SPECIES_TYPE_NULL,Y
Agatha,elite4,SPECIES_ABRA,Y
Agatha,elite4,SPECIES_BULBASAUR,Y
Agatha,elite4,SPECIES_CACNEA,Y
Agatha,elite4,SPECIES_CHARMANDER,Y
Agatha,elite4,SPECIES_CLEFFA,Y
Agatha,elite4,SPECIES_CUBONE,Y
Agatha,elite4,SPECIES_DODUO,Y
Agatha,elite4,SPECIES_EKANS,Y
Agatha,elite4,SPECIES_GASTLY,Y
Agatha,elite4,SPECIES_GRIMER,Y
Agatha,elite4,SPECIES_KOFFING,Y
Agatha,elite4,SPECIES_MAGIKARP,Y
Agatha,elite4,SPECIES_MISDREAVUS,Y
Agatha,elite4,SPECIES_PICHU,Y
Agatha,elite4,SPECIES_RHYHORN,Y
Agatha,elite4,SPECIES_SCYTHER,Y
Agatha,elite4,SPECIES_SMOOCHUM,Y
Agatha,elite4,SPECIES_ZUBAT,Y
Alain,anime,SPECIES_BELDUM,Y
Alain,anime,SPECIES_CHARMANDER,Y
Alain,anime,SPECIES_CHESPIN,Y
Alain,anime,SPECIES_FLETCHLING,Y
Alain,anime,SPECIES_FROAKIE,Y
Alain,anime,SPECIES_GIBLE,Y
Alain,anime,SPECIES_GOOMY,Y
Alain,anime,SPECIES_GROOKEY,Y
Alain,anime,SPECIES_HAWLUCHA,Y
Alain,anime,SPECIES_INKAY,Y
Alain,anime,SPECIES_LARVITAR,Y
Alain,anime,SPECIES_MAGIKARP,Y
Alain,anime,SPECIES_NOIBAT,Y
Alain,anime,SPECIES_PAWNIARD,Y
Alain,anime,SPECIES_PICHU,Y
Alain,anime,SPECIES_PIDOVE,Y
Alain,anime,SPECIES_SNEASEL,Y
Alder,champion,SPECIES_ARCHEN,Y
Alder,champion,SPECIES_AXEW,Y
Alder,champion,SPECIES_BOUFFALANT,Y
Alder,champion,SPECIES_DARUMAKA,Y
Alder,champion,SPECIES_DRUDDIGON,Y
Alder,champion,SPECIES_KARRABLAST,Y
Alder,champion,SPECIES_LARVESTA,Y
Alder,champion,SPECIES_LILLIPUP,Y
Alder,champion,SPECIES_LITWICK,Y
Alder,champion,SPECIES_MIENFOO,Y
Alder,champion,SPECIES_PICHU,Y
Alder,champion,SPECIES_ROGGENROLA,Y
Alder,champion,SPECIES_RUFFLET,Y
Alder,champion,SPECIES_SANDILE,Y
Alder,champion,SPECIES_SHELMET,Y
Alder,champion,SPECIES_SNIVY,Y
Alder,champion,SPECIES_SOLOSIS,Y
Alder,champion,SPECIES_TEPIG,Y
Alder,champion,SPECIES_TIMBURR,Y
Alder,champion,SPECIES_VANILLITE,Y
Alder,champion,SPECIES_ZEKROM,Y
Alder,champion,SPECIES_ZORUA,Y
Allister,gymleader,SPECIES_CORSOLA_GALARIAN,Y
Allister,gymleader,SPECIES_DREEPY,Y
Allister,gymleader,SPECIES_DUSKULL,Y
Allister,gymleader,SPECIES_ETERNATUS,Y
Allister,gymleader,SPECIES_GASTLY,Y
Allister,gymleader,SPECIES_LITWICK,Y
Allister,gymleader,SPECIES_MIMIKYU,Y
Allister,gymleader,SPECIES_ORANGURU,Y
Allister,gymleader,SPECIES_PUMPKABOO,Y
Allister,gymleader,SPECIES_SINISTEA,Y
Allister,gymleader,SPECIES_SOBBLE,Y
Allister,gymleader,SPECIES_SPIRITOMB,Y
Allister,gymleader,SPECIES_TOXEL,Y
Allister,gymleader,SPECIES_YAMASK,Y
Allister,gymleader,SPECIES_YAMASK_GALARIAN,Y
Archer,villain,SPECIES_ARCEUS,Y
Archer,villain,SPECIES_BELLSPROUT,Y
Archer,villain,SPECIES_DIALGA,Y
Archer,villain,SPECIES_DRATINI,Y
Archer,villain,SPECIES_DROWZEE,Y
Archer,villain,SPECIES_GIRATINA,Y
Archer,villain,SPECIES_GRIMER,Y
Archer,villain,SPECIES_HOUNDOUR,Y
Archer,villain,SPECIES_KOFFING,Y
Archer,villain,SPECIES_LARVITAR,Y
Archer,villain,SPECIES_MAGBY,Y
Archer,villain,SPECIES_MEOWTH,Y
Archer,villain,SPECIES_MISDREAVUS,Y
Archer,villain,SPECIES_PALKIA,Y
Archer,villain,SPECIES_PARAS,Y
Archer,villain,SPECIES_RATTATA,Y
Archer,villain,SPECIES_REMORAID,Y
Archer,villain,SPECIES_TOTODILE,Y
Archer,villain,SPECIES_VOLTORB,Y
Archer,villain,SPECIES_WYNAUT,Y
Archer,villain,SPECIES_ZUBAT,Y
Archie,villain,SPECIES_CARVANHA,Y
Archie,villain,SPECIES_DRATINI,Y
Archie,villain,SPECIES_FEEBAS,Y
Archie,villain,SPECIES_GRIMER,Y
Archie,villain,SPECIES_GROUDON,Y
Archie,villain,SPECIES_HOOPA,Y
Archie,villain,SPECIES_KYOGRE,Y
Archie,villain,SPECIES_MAGIKARP,Y
Archie,villain,SPECIES_MINUN,Y
Archie,villain,SPECIES_MUDKIP,Y
Archie,villain,SPECIES_NUMEL,Y
Archie,villain,SPECIES_PICHU,Y
Archie,villain,SPECIES_PLUSLE,Y
Archie,villain,SPECIES_POOCHYENA,Y
Archie,villain,SPECIES_SPHEAL,Y
Archie,villain,SPECIES_TENTACOOL,Y
Archie,villain,SPECIES_WURMPLE,Y
Archie,villain,SPECIES_ZUBAT,Y
Ariana,villain,SPECIES_BELLSPROUT,Y
Ariana,villain,SPECIES_DROWZEE,Y
Ariana,villain,SPECIES_EKANS,Y
Ariana,villain,SPECIES_GRIMER,Y
Ariana,villain,SPECIES_KABUTO,Y
Ariana,villain,SPECIES_LICKITUNG,Y
Ariana,villain,SPECIES_MURKROW,Y
Ariana,villain,SPECIES_ODDISH,Y
Ariana,villain,SPECIES_RATTATA,Y
Ariana,villain,SPECIES_RHYHORN,Y
Ariana,villain,SPECIES_SLUGMA,Y
Ariana,villain,SPECIES_SNEASEL,Y
Ariana,villain,SPECIES_ZUBAT,Y
Arven,rival,SPECIES_BOMBIRDIER,Y
Arven,rival,SPECIES_BRUTE_BONNET,Y
Arven,rival,SPECIES_CAPSAKID,Y
Arven,rival,SPECIES_CETODDLE,Y
Arven,rival,SPECIES_DONDOZO,Y
Arven,rival,SPECIES_EEVEE,Y
Arven,rival,SPECIES_FLUTTER_MANE,Y
Arven,rival,SPECIES_GREAT_TUSK,Y
Arven,rival,SPECIES_IRON_HANDS,Y
Arven,rival,SPECIES_IRON_JUGULIS,Y
Arven,rival,SPECIES_IRON_TREADS,Y
Arven,rival,SPECIES_KLAWF,Y
Arven,rival,SPECIES_MASCHIFF,Y
Arven,rival,SPECIES_NACLI,Y
Arven,rival,SPECIES_ORTHWORM,Y
Arven,rival,SPECIES_PECHARUNT,Y
Arven,rival,SPECIES_SHELLDER,Y
Arven,rival,SPECIES_SKWOVET,Y
Arven,rival,SPECIES_TATSUGIRI,Y
Arven,rival,SPECIES_TOEDSCOOL,Y
Ash,anime,SPECIES_BERGMITE,Y
Ash,anime,SPECIES_CHARMANDER,Y
Ash,anime,SPECIES_CHIMCHAR,Y
Ash,anime,SPECIES_CLOBBOPUS,Y
Ash,anime,SPECIES_COSMOG,Y
Ash,anime,SPECIES_DARKRAI,Y
Ash,anime,SPECIES_DRACOVISH,Y
Ash,anime,SPECIES_DRATINI,Y
Ash,anime,SPECIES_ETERNATUS,Y
Ash,anime,SPECIES_FARFETCHD_GALARIAN,Y
Ash,anime,SPECIES_FROAKIE,Y
Ash,anime,SPECIES_GASTLY,Y
Ash,anime,SPECIES_GIBLE,Y
Ash,anime,SPECIES_GOOMY,Y
Ash,anime,SPECIES_HOPPIP,Y
Ash,anime,SPECIES_LATIOS,Y
Ash,anime,SPECIES_LITTEN,Y
Ash,anime,SPECIES_LUGIA,Y
Ash,anime,SPECIES_MACHOP,Y
Ash,anime,SPECIES_MAGIKARP,Y
Ash,anime,SPECIES_MELTAN,Y
Ash,anime,SPECIES_MIMIKYU,Y
Ash,anime,SPECIES_MURKROW,Y
Ash,anime,SPECIES_ODDISH,Y
Ash,anime,SPECIES_PICHU,Y
Ash,anime,SPECIES_PIDOVE,Y
Ash,anime,SPECIES_RESHIRAM,Y
Ash,anime,SPECIES_RIOLU,Y
Ash,anime,SPECIES_ROCKRUFF,Y
Ash,anime,SPECIES_SCATTERBUG,Y
Ash,anime,SPECIES_SCRAGGY,Y
Ash,anime,SPECIES_STARLY,Y
Ash,anime,SPECIES_TAILLOW,Y
Ash,anime,SPECIES_TORCHIC,Y
Ash,anime,SPECIES_YUNGOOS,Y
Ash,anime,SPECIES_ZEKROM,Y
Ash,anime,SPECIES_ZYGARDE,Y
Barry,rival,SPECIES_BUDEW,Y
Barry,rival,SPECIES_BUIZEL,Y
Barry,rival,SPECIES_CHIMCHAR,Y
Barry,rival,SPECIES_CRANIDOS,Y
Barry,rival,SPECIES_DRATINI,Y
Barry,rival,SPECIES_FEEBAS,Y
Barry,rival,SPECIES_HERACROSS,Y
Barry,rival,SPECIES_MUNCHLAX,Y
Barry,rival,SPECIES_PIPLUP,Y
Barry,rival,SPECIES_PONYTA,Y
Barry,rival,SPECIES_RHYHORN,Y
Barry,rival,SPECIES_STARLY,Y
Barry,rival,SPECIES_STUNKY,Y
Barry,rival,SPECIES_TURTWIG,Y
Bea,gymleader,SPECIES_CHARMANDER,Y
Bea,gymleader,SPECIES_CLOBBOPUS,Y
Bea,gymleader,SPECIES_DRACOVISH,Y
Bea,gymleader,SPECIES_DRATINI,Y
Bea,gymleader,SPECIES_ETERNATUS,Y
Bea,gymleader,SPECIES_FALINKS,Y
Bea,gymleader,SPECIES_FARFETCHD_GALARIAN,Y
Bea,gymleader,SPECIES_HAWLUCHA,Y
Bea,gymleader,SPECIES_MACHOP,Y
Bea,gymleader,SPECIES_MORPEKO,Y
Bea,gymleader,SPECIES_PANCHAM,Y
Bea,gymleader,SPECIES_POLIWAG,Y
Bea,gymleader,SPECIES_RHYHORN,Y
Bea,gymleader,SPECIES_RIOLU,Y
Bea,gymleader,SPECIES_SAWK,Y
Bea,gymleader,SPECIES_SCRAGGY,Y
Bea,gymleader,SPECIES_THROH,Y
Bea,gymleader,SPECIES_TRUBBISH,Y
Bea,gymleader,SPECIES_TYROGUE,Y
Bea,gymleader,SPECIES_VANILLITE,Y
Bea,gymleader,SPECIES_WOOLOO,Y
Bede,rival,SPECIES_ARTICUNO,Y
Bede,rival,SPECIES_CALYREX,Y
Bede,rival,SPECIES_CATERPIE,Y
Bede,rival,SPECIES_CUFANT,Y
Bede,rival,SPECIES_EEVEE,Y
Bede,rival,SPECIES_ETERNATUS,Y
Bede,rival,SPECIES_GOTHITA,Y
Bede,rival,SPECIES_HATENNA,Y
Bede,rival,SPECIES_IRON_VALIANT,Y
Bede,rival,SPECIES_MAWILE,Y
Bede,rival,SPECIES_MOLTRES,Y
Bede,rival,SPECIES_PONYTA,Y
Bede,rival,SPECIES_RALTS,Y
Bede,rival,SPECIES_REGICE,Y
Bede,rival,SPECIES_REGIROCK,Y
Bede,rival,SPECIES_REGISTEEL,Y
Bede,rival,SPECIES_ROOKIDEE,Y
Bede,rival,SPECIES_SOBBLE,Y
Bede,rival,SPECIES_SOLOSIS,Y
Bede,rival,SPECIES_SPECTRIER,Y
Bede,rival,SPECIES_TIMBURR,Y
Bede,rival,SPECIES_ZACIAN,Y
Bede,rival,SPECIES_ZAMAZENTA,Y
Bede,rival,SPECIES_ZAPDOS,Y
Bertha,elite4,SPECIES_BARBOACH,Y
Bertha,elite4,SPECIES_BONSLY,Y
Bertha,elite4,SPECIES_CARNIVINE,Y
Bertha,elite4,SPECIES_GEODUDE,Y
Bertha,elite4,SPECIES_GLIGAR,Y
Bertha,elite4,SPECIES_HIPPOPOTAS,Y
Bertha,elite4,SPECIES_MAGBY,Y
Bertha,elite4,SPECIES_NIDORAN_M,Y
Bertha,elite4,SPECIES_RHYHORN,Y
Bertha,elite4,SPECIES_SEVIPER,Y
Bertha,elite4,SPECIES_STARLY,Y
Bertha,elite4,SPECIES_SWINUB,Y
Bertha,elite4,SPECIES_TURTWIG,Y
Bertha,elite4,SPECIES_WOOPER,Y
Bianca,rival,SPECIES_AUDINO,Y
Bianca,rival,SPECIES_AXEW,Y
Bianca,rival,SPECIES_HEATRAN,Y
Bianca,rival,SPECIES_LILLIPUP,Y
Bianca,rival,SPECIES_LITWICK,Y
Bianca,rival,SPECIES_MIENFOO,Y
Bianca,rival,SPECIES_MUNNA,Y
Bianca,rival,SPECIES_OSHAWOTT,Y
Bianca,rival,SPECIES_PANPOUR,Y
Bianca,rival,SPECIES_PANSAGE,Y
Bianca,rival,SPECIES_PANSEAR,Y
Bianca,rival,SPECIES_PURRLOIN,Y
Bianca,rival,SPECIES_SNIVY,Y
Bianca,rival,SPECIES_TEPIG,Y
Bianca,rival,SPECIES_TYNAMO,Y
Bianca,rival,SPECIES_VIRIZION,Y
Blaine,gymleader,SPECIES_ARTICUNO,Y
Blaine,gymleader,SPECIES_CHARMANDER,Y
Blaine,gymleader,SPECIES_CLEFFA,Y
Blaine,gymleader,SPECIES_EEVEE,Y
Blaine,gymleader,SPECIES_GEODUDE,Y
Blaine,gymleader,SPECIES_GROWLITHE,Y
Blaine,gymleader,SPECIES_HAPPINY,Y
Blaine,gymleader,SPECIES_HOUNDOUR,Y
Blaine,gymleader,SPECIES_IGGLYBUFF,Y
Blaine,gymleader,SPECIES_KANGASKHAN,Y
Blaine,gymleader,SPECIES_MAGBY,Y
Blaine,gymleader,SPECIES_MANKEY,Y
Blaine,gymleader,SPECIES_MEOWTH,Y
Blaine,gymleader,SPECIES_MIMEJR,Y
Blaine,gymleader,SPECIES_MOLTRES,Y
Blaine,gymleader,SPECIES_NUMEL,Y
Blaine,gymleader,SPECIES_ODDISH,Y
Blaine,gymleader,SPECIES_PARAS,Y
Blaine,gymleader,SPECIES_PICHU,Y
Blaine,gymleader,SPECIES_PONYTA,Y
Blaine,gymleader,SPECIES_REMORAID,Y
Blaine,gymleader,SPECIES_RHYHORN,Y
Blaine,gymleader,SPECIES_ROTOM,Y
Blaine,gymleader,SPECIES_SLUGMA,Y
Blaine,gymleader,SPECIES_SQUIRTLE,Y
Blaine,gymleader,SPECIES_TANGELA,Y
Blaine,gymleader,SPECIES_TOGEPI,Y
Blaine,gymleader,SPECIES_TORKOAL,Y
Blaine,gymleader,SPECIES_VOLTORB,Y
Blaine,gymleader,SPECIES_VULPIX,Y
Blue,champion,SPECIES_ABRA,Y
Blue,champion,SPECIES_AERODACTYL,Y
Blue,champion,SPECIES_BULBASAUR,Y
Blue,champion,SPECIES_CHARMANDER,Y
Blue,champion,SPECIES_CLEFFA,Y
Blue,champion,SPECIES_DRATINI,Y
Blue,champion,SPECIES_EEVEE,Y
Blue,champion,SPECIES_EKANS,Y
Blue,champion,SPECIES_ELEKID,Y
Blue,champion,SPECIES_EXEGGCUTE,Y
Blue,champion,SPECIES_GASTLY,Y
Blue,champion,SPECIES_GROWLITHE,Y
Blue,champion,SPECIES_HERACROSS,Y
Blue,champion,SPECIES_HORSEA,Y
Blue,champion,SPECIES_HOUNDOUR,Y
Blue,champion,SPECIES_LAPRAS,Y
Blue,champion,SPECIES_LARVITAR,Y
Blue,champion,SPECIES_MACHOP,Y
Blue,champion,SPECIES_MAGIKARP,Y
Blue,champion,SPECIES_MAGNEMITE,Y
Blue,champion,SPECIES_MILTANK,Y
Blue,champion,SPECIES_PICHU,Y
Blue,champion,SPECIES_PIDGEY,Y
Blue,champion,SPECIES_PINSIR,Y
Blue,champion,SPECIES_RHYHORN,Y
Blue,champion,SPECIES_SANDSHREW,Y
Blue,champion,SPECIES_SCYTHER,Y
Blue,champion,SPECIES_SHELLDER,Y
Blue,champion,SPECIES_SLOWPOKE,Y
Blue,champion,SPECIES_SQUIRTLE,Y
Blue,champion,SPECIES_SWINUB,Y
Blue,champion,SPECIES_TAUROS,Y
Blue,champion,SPECIES_TOTODILE,Y
Blue,champion,SPECIES_VULPIX,Y
Blue,champion,SPECIES_ZAPDOS,Y
Brassius,gymleader,SPECIES_APPLIN,Y
Brassius,gymleader,SPECIES_BONSLY,Y
Brassius,gymleader,SPECIES_BOUNSWEET,Y
Brassius,gymleader,SPECIES_CHARCADET,Y
Brassius,gymleader,SPECIES_FINIZEN,Y
Brassius,gymleader,SPECIES_FRIGIBAX,Y
Brassius,gymleader,SPECIES_FUECOCO,Y
Brassius,gymleader,SPECIES_ODDISH,Y
Brassius,gymleader,SPECIES_PETILIL,Y
Brassius,gymleader,SPECIES_SHROOMISH,Y
Brassius,gymleader,SPECIES_SMOLIV,Y
Brassius,gymleader,SPECIES_SUNKERN,Y
Brassius,gymleader,SPECIES_TAROUNTULA,Y
Brawly,gymleader,SPECIES_CLEFFA,Y
Brawly,gymleader,SPECIES_GROUDON,Y
Brawly,gymleader,SPECIES_HERACROSS,Y
Brawly,gymleader,SPECIES_MACHOP,Y
Brawly,gymleader,SPECIES_MAKUHITA,Y
Brawly,gymleader,SPECIES_MEDITITE,Y
Brawly,gymleader,SPECIES_MIENFOO,Y
Brawly,gymleader,SPECIES_SABLEYE,Y
Brawly,gymleader,SPECIES_SCRAGGY,Y
Brawly,gymleader,SPECIES_SHROOMISH,Y
Brawly,gymleader,SPECIES_TYROGUE,Y
Brawly,gymleader,SPECIES_WAILMER,Y
Brawly,gymleader,SPECIES_WINGULL,Y
Brendan,protagonist,SPECIES_ARON,Y
Brendan,protagonist,SPECIES_BAGON,Y
Brendan,protagonist,SPECIES_BALTOY,Y
Brendan,protagonist,SPECIES_ELECTRIKE,Y
Brendan,protagonist,SPECIES_GROUDON,Y
Brendan,protagonist,SPECIES_LARVITAR,Y
Brendan,protagonist,SPECIES_LATIAS,Y
Brendan,protagonist,SPECIES_LATIOS,Y
Brendan,protagonist,SPECIES_LOTAD,Y
Brendan,protagonist,SPECIES_MAGBY,Y
Brendan,protagonist,SPECIES_MUDKIP,Y
Brendan,protagonist,SPECIES_NUMEL,Y
Brendan,protagonist,SPECIES_PICHU,Y
Brendan,protagonist,SPECIES_RHYHORN,Y
Brendan,protagonist,SPECIES_SEEDOT,Y
Brendan,protagonist,SPECIES_SHROOMISH,Y
Brendan,protagonist,SPECIES_SLUGMA,Y
Brendan,protagonist,SPECIES_SOLROCK,Y
Brendan,protagonist,SPECIES_TAILLOW,Y
Brendan,protagonist,SPECIES_TORCHIC,Y
Brendan,protagonist,SPECIES_TREECKO,Y
Brendan,protagonist,SPECIES_TROPIUS,Y
Brendan,protagonist,SPECIES_WAILMER,Y
Brendan,protagonist,SPECIES_WHISMUR,Y
Brendan,protagonist,SPECIES_WINGULL,Y
Brendan,protagonist,SPECIES_ZIGZAGOON,Y
Brock,gymleader,SPECIES_AERODACTYL,Y
Brock,gymleader,SPECIES_BONSLY,Y
Brock,gymleader,SPECIES_CATERPIE,Y
Brock,gymleader,SPECIES_CHARMANDER,Y
Brock,gymleader,SPECIES_CLEFFA,Y
Brock,gymleader,SPECIES_CRANIDOS,Y
Brock,gymleader,SPECIES_CROAGUNK,Y
Brock,gymleader,SPECIES_CUBONE,Y
Brock,gymleader,SPECIES_DIGLETT,Y
Brock,gymleader,SPECIES_GASTLY,Y
Brock,gymleader,SPECIES_GEODUDE,Y
Brock,gymleader,SPECIES_HERACROSS,Y
Brock,gymleader,SPECIES_KABUTO,Y
Brock,gymleader,SPECIES_LARVITAR,Y
Brock,gymleader,SPECIES_MACHOP,Y
Brock,gymleader,SPECIES_MAREEP,Y
Brock,gymleader,SPECIES_MUNCHLAX,Y
Brock,gymleader,SPECIES_NIDORAN_M,Y
Brock,gymleader,SPECIES_OMANYTE,Y
Brock,gymleader,SPECIES_ONIX,Y
Brock,gymleader,SPECIES_PICHU,Y
Brock,gymleader,SPECIES_PINECO,Y
Brock,gymleader,SPECIES_PINSIR,Y
Brock,gymleader,SPECIES_RATTATA,Y
Brock,gymleader,SPECIES_RELICANTH,Y
Brock,gymleader,SPECIES_RHYHORN,Y
Brock,gymleader,SPECIES_SHUCKLE,Y
Brock,gymleader,SPECIES_SLOWPOKE,Y
Brock,gymleader,SPECIES_SPEAROW,Y
Brock,gymleader,SPECIES_SUICUNE,Y
Brock,gymleader,SPECIES_TEDDIURSA,Y
Brock,gymleader,SPECIES_VULPIX,Y
Brock,gymleader,SPECIES_ZUBAT,Y
Brock (anime),anime,SPECIES_AIPOM,Y
Brock (anime),anime,SPECIES_CHARMANDER,Y
Brock (anime),anime,SPECIES_COMFEY,Y
Brock (anime),anime,SPECIES_CROAGUNK,Y
Brock (anime),anime,SPECIES_GEODUDE,Y
Brock (anime),anime,SPECIES_HAPPINY,Y
Brock (anime),anime,SPECIES_HATENNA,Y
Brock (anime),anime,SPECIES_HOOTHOOT,Y
Brock (anime),anime,SPECIES_KANGASKHAN,Y
Brock (anime),anime,SPECIES_LOTAD,Y
Brock (anime),anime,SPECIES_MAGIKARP,Y
Brock (anime),anime,SPECIES_MAGNEMITE,Y
Brock (anime),anime,SPECIES_MIMEJR,Y
Brock (anime),anime,SPECIES_ODDISH,Y
Brock (anime),anime,SPECIES_ONIX,Y
Brock (anime),anime,SPECIES_PANSAGE,Y
Brock (anime),anime,SPECIES_PICHU,Y
Brock (anime),anime,SPECIES_ROCKRUFF,Y
Brock (anime),anime,SPECIES_SEEDOT,Y
Brock (anime),anime,SPECIES_STARLY,Y
Brock (anime),anime,SPECIES_TAILLOW,Y
Brock (anime),anime,SPECIES_TAUROS,Y
Brock (anime),anime,SPECIES_TOTODILE,Y
Brock (anime),anime,SPECIES_TURTONATOR,Y
Brock (anime),anime,SPECIES_TURTWIG,Y
Brock (anime),anime,SPECIES_VULPIX,Y
Brock (anime),anime,SPECIES_WAILMER,Y
Brock (anime),anime,SPECIES_YUNGOOS,Y
Bruno,elite4,SPECIES_CLEFFA,Y
Bruno,elite4,SPECIES_DIGLETT,Y
Bruno,elite4,SPECIES_DRATINI,Y
Bruno,elite4,SPECIES_EXEGGCUTE,Y
Bruno,elite4,SPECIES_GASTLY,Y
Bruno,elite4,SPECIES_GEODUDE,Y
Bruno,elite4,SPECIES_GRIMER,Y
Bruno,elite4,SPECIES_HERACROSS,Y
Bruno,elite4,SPECIES_KANGASKHAN,Y
Bruno,elite4,SPECIES_LAPRAS,Y
Bruno,elite4,SPECIES_MACHOP,Y
Bruno,elite4,SPECIES_MAGIKARP,Y
Bruno,elite4,SPECIES_MAGNEMITE,Y
Bruno,elite4,SPECIES_MAKUHITA,Y
Bruno,elite4,SPECIES_MANKEY,Y
Bruno,elite4,SPECIES_ONIX,Y
Bruno,elite4,SPECIES_PICHU,Y
Bruno,elite4,SPECIES_PIDGEY,Y
Bruno,elite4,SPECIES_POLIWAG,Y
Bruno,elite4,SPECIES_RHYHORN,Y
Bruno,elite4,SPECIES_RIOLU,Y
Bruno,elite4,SPECIES_SANDSHREW,Y
Bruno,elite4,SPECIES_SCYTHER,Y
Bruno,elite4,SPECIES_SHELLDER,Y
Bruno,elite4,SPECIES_SLOWPOKE,Y
Bruno,elite4,SPECIES_SMOOCHUM,Y
Bruno,elite4,SPECIES_SNUBBULL,Y
Bruno,elite4,SPECIES_SQUIRTLE,Y
Bruno,elite4,SPECIES_TEDDIURSA,Y
Bruno,elite4,SPECIES_TYROGUE,Y
Bruno,elite4,SPECIES_VOLTORB,Y
Brycen,gymleader,SPECIES_CARVANHA,Y
Brycen,gymleader,SPECIES_CRYOGONAL,Y
Brycen,gymleader,SPECIES_CUBCHOO,Y
Brycen,gymleader,SPECIES_DEINO,Y
Brycen,gymleader,SPECIES_ELGYEM,Y
Brycen,gymleader,SPECIES_FOONGUS,Y
Brycen,gymleader,SPECIES_FRILLISH,Y
Brycen,gymleader,SPECIES_HERACROSS,Y
Brycen,gymleader,SPECIES_HOUNDOUR,Y
Brycen,gymleader,SPECIES_KARRABLAST,Y
Brycen,gymleader,SPECIES_LARVESTA,Y
Brycen,gymleader,SPECIES_MURKROW,Y
Brycen,gymleader,SPECIES_OSHAWOTT,Y
Brycen,gymleader,SPECIES_PATRAT,Y
Brycen,gymleader,SPECIES_PAWNIARD,Y
Brycen,gymleader,SPECIES_SAWK,Y
Brycen,gymleader,SPECIES_SCRAGGY,Y
Brycen,gymleader,SPECIES_SEEL,Y
Brycen,gymleader,SPECIES_SNEASEL,Y
Brycen,gymleader,SPECIES_SNIVY,Y
Brycen,gymleader,SPECIES_SPHEAL,Y
Brycen,gymleader,SPECIES_TEPIG,Y
Brycen,gymleader,SPECIES_TIRTOUGA,Y
Brycen,gymleader,SPECIES_VANILLITE,Y
Brycen,gymleader,SPECIES_VULLABY,Y
Brycen,gymleader,SPECIES_ZORUA,Y
Bugsy,gymleader,SPECIES_ANORITH,Y
Bugsy,gymleader,SPECIES_BELLSPROUT,Y
Bugsy,gymleader,SPECIES_BONSLY,Y
Bugsy,gymleader,SPECIES_CATERPIE,Y
Bugsy,gymleader,SPECIES_CHIKORITA,Y
Bugsy,gymleader,SPECIES_CLEFFA,Y
Bugsy,gymleader,SPECIES_COMBEE,Y
Bugsy,gymleader,SPECIES_CYNDAQUIL,Y
Bugsy,gymleader,SPECIES_HERACROSS,Y
Bugsy,gymleader,SPECIES_HO_OH,Y
Bugsy,gymleader,SPECIES_KRICKETOT,Y
Bugsy,gymleader,SPECIES_LAPRAS,Y
Bugsy,gymleader,SPECIES_LARVITAR,Y
Bugsy,gymleader,SPECIES_MIMEJR,Y
Bugsy,gymleader,SPECIES_NINCADA,Y
Bugsy,gymleader,SPECIES_PICHU,Y
Bugsy,gymleader,SPECIES_PINECO,Y
Bugsy,gymleader,SPECIES_PINSIR,Y
Bugsy,gymleader,SPECIES_RATTATA,Y
Bugsy,gymleader,SPECIES_SCYTHER,Y
Bugsy,gymleader,SPECIES_SHUCKLE,Y
Bugsy,gymleader,SPECIES_SLOWPOKE,Y
Bugsy,gymleader,SPECIES_SNEASEL,Y
Bugsy,gymleader,SPECIES_SPINARAK,Y
Bugsy,gymleader,SPECIES_SUICUNE,Y
Bugsy,gymleader,SPECIES_TYROGUE,Y
Bugsy,gymleader,SPECIES_UNOWN,Y
Bugsy,gymleader,SPECIES_WEEDLE,Y
Bugsy,gymleader,SPECIES_WOOPER,Y
Bugsy,gymleader,SPECIES_YANMA,Y
Burgh,gymleader,SPECIES_AUDINO,Y
Burgh,gymleader,SPECIES_COMBEE,Y
Burgh,gymleader,SPECIES_DEERLING,Y
Burgh,gymleader,SPECIES_DURANT,Y
Burgh,gymleader,SPECIES_DWEBBLE,Y
Burgh,gymleader,SPECIES_HERACROSS,Y
Burgh,gymleader,SPECIES_KARRABLAST,Y
Burgh,gymleader,SPECIES_LITWICK,Y
Burgh,gymleader,SPECIES_PATRAT,Y
Burgh,gymleader,SPECIES_SEWADDLE,Y
Burgh,gymleader,SPECIES_SHELMET,Y
Burgh,gymleader,SPECIES_TEPIG,Y
Burgh,gymleader,SPECIES_TOGEPI,Y
Burgh,gymleader,SPECIES_TYMPOLE,Y
Burgh,gymleader,SPECIES_VENIPEDE,Y
Byron,gymleader,SPECIES_ANORITH,Y
Byron,gymleader,SPECIES_ARON,Y
Byron,gymleader,SPECIES_BRONZOR,Y
Byron,gymleader,SPECIES_CHIMCHAR,Y
Byron,gymleader,SPECIES_CRANIDOS,Y
Byron,gymleader,SPECIES_DIALGA,Y
Byron,gymleader,SPECIES_DRILBUR,Y
Byron,gymleader,SPECIES_GIRATINA,Y
Byron,gymleader,SPECIES_GLIGAR,Y
Byron,gymleader,SPECIES_KABUTO,Y
Byron,gymleader,SPECIES_LILEEP,Y
Byron,gymleader,SPECIES_MAGNEMITE,Y
Byron,gymleader,SPECIES_MISDREAVUS,Y
Byron,gymleader,SPECIES_OMANYTE,Y
Byron,gymleader,SPECIES_ONIX,Y
Byron,gymleader,SPECIES_PALKIA,Y
Byron,gymleader,SPECIES_PINECO,Y
Byron,gymleader,SPECIES_PIPLUP,Y
Byron,gymleader,SPECIES_SHIELDON,Y
Byron,gymleader,SPECIES_SKARMORY,Y
Byron,gymleader,SPECIES_SUNKERN,Y
Caitlin,elite4,SPECIES_ABRA,Y
Caitlin,elite4,SPECIES_BELDUM,Y
Caitlin,elite4,SPECIES_BRONZOR,Y
Caitlin,elite4,SPECIES_GIBLE,Y
Caitlin,elite4,SPECIES_GOLETT,Y
Caitlin,elite4,SPECIES_GOTHITA,Y
Caitlin,elite4,SPECIES_MUNNA,Y
Caitlin,elite4,SPECIES_RALTS,Y
Caitlin,elite4,SPECIES_SABLEYE,Y
Caitlin,elite4,SPECIES_SIGILYPH,Y
Caitlin,elite4,SPECIES_SOLOSIS,Y
Calem,protagonist,SPECIES_CHARMANDER,Y
Calem,protagonist,SPECIES_CHESPIN,Y
Calem,protagonist,SPECIES_EEVEE,Y
Calem,protagonist,SPECIES_ESPURR,Y
Calem,protagonist,SPECIES_FENNEKIN,Y
Calem,protagonist,SPECIES_FROAKIE,Y
Calem,protagonist,SPECIES_GOLETT,Y
Calem,protagonist,SPECIES_XERNEAS,Y
Calem,protagonist,SPECIES_YVELTAL,Y
Candice,gymleader,SPECIES_BUNEARY,Y
Candice,gymleader,SPECIES_CHIMCHAR,Y
Candice,gymleader,SPECIES_DARUMAKA,Y
Candice,gymleader,SPECIES_DODUO,Y
Candice,gymleader,SPECIES_EEVEE,Y
Candice,gymleader,SPECIES_ELEKID,Y
Candice,gymleader,SPECIES_GEODUDE,Y
Candice,gymleader,SPECIES_GLAMEOW,Y
Candice,gymleader,SPECIES_GLIGAR,Y
Candice,gymleader,SPECIES_MEDITITE,Y
Candice,gymleader,SPECIES_PIPLUP,Y
Candice,gymleader,SPECIES_PONYTA,Y
Candice,gymleader,SPECIES_REGICE,Y
Candice,gymleader,SPECIES_REGIGIGAS,Y
Candice,gymleader,SPECIES_REGIROCK,Y
Candice,gymleader,SPECIES_REGISTEEL,Y
Candice,gymleader,SPECIES_RIOLU,Y
Candice,gymleader,SPECIES_SHINX,Y
Candice,gymleader,SPECIES_SMOOCHUM,Y
Candice,gymleader,SPECIES_SNEASEL,Y
Candice,gymleader,SPECIES_SNORUNT,Y
Candice,gymleader,SPECIES_SNOVER,Y
Candice,gymleader,SPECIES_STARLY,Y
Candice,gymleader,SPECIES_SWINUB,Y
Candice,gymleader,SPECIES_TURTWIG,Y
Candice,gymleader,SPECIES_UXIE,Y
Cheren,gymleader,SPECIES_AXEW,Y
Cheren,gymleader,SPECIES_BASCULIN,Y
Cheren,gymleader,SPECIES_BOUFFALANT,Y
Cheren,gymleader,SPECIES_BUNEARY,Y
Cheren,gymleader,SPECIES_CASTFORM,Y
Cheren,gymleader,SPECIES_CUBCHOO,Y
Cheren,gymleader,SPECIES_DUCKLETT,Y
Cheren,gymleader,SPECIES_GROWLITHE,Y
Cheren,gymleader,SPECIES_KELDEO,Y
Cheren,gymleader,SPECIES_LICKITUNG,Y
Cheren,gymleader,SPECIES_LILLIPUP,Y
Cheren,gymleader,SPECIES_MINCCINO,Y
Cheren,gymleader,SPECIES_OSHAWOTT,Y
Cheren,gymleader,SPECIES_PANPOUR,Y
Cheren,gymleader,SPECIES_PANSAGE,Y
Cheren,gymleader,SPECIES_PANSEAR,Y
Cheren,gymleader,SPECIES_PATRAT,Y
Cheren,gymleader,SPECIES_PAWNIARD,Y
Cheren,gymleader,SPECIES_PIDOVE,Y
Cheren,gymleader,SPECIES_PORYGON,Y
Cheren,gymleader,SPECIES_PURRLOIN,Y
Cheren,gymleader,SPECIES_RESHIRAM,Y
Cheren,gymleader,SPECIES_ROGGENROLA,Y
Cheren,gymleader,SPECIES_RUFFLET,Y
Cheren,gymleader,SPECIES_SHINX,Y
Cheren,gymleader,SPECIES_SNIVY,Y
Cheren,gymleader,SPECIES_SUNKERN,Y
Cheren,gymleader,SPECIES_TEPIG,Y
Cheren,gymleader,SPECIES_TORNADUS,Y
Cheren,gymleader,SPECIES_TYNAMO,Y
Cheren,gymleader,SPECIES_VICTINI,Y
Cheren,gymleader,SPECIES_ZANGOOSE,Y
Cheren,gymleader,SPECIES_ZEKROM,Y
Chili,gymleader,SPECIES_CLEFFA,Y
Chili,gymleader,SPECIES_DARUMAKA,Y
Chili,gymleader,SPECIES_GROWLITHE,Y
Chili,gymleader,SPECIES_HEATMOR,Y
Chili,gymleader,SPECIES_LILLIPUP,Y
Chili,gymleader,SPECIES_MAGBY,Y
Chili,gymleader,SPECIES_NUMEL,Y
Chili,gymleader,SPECIES_PANPOUR,Y
Chili,gymleader,SPECIES_PANSAGE,Y
Chili,gymleader,SPECIES_PANSEAR,Y
Chili,gymleader,SPECIES_SNIVY,Y
Chili,gymleader,SPECIES_TEPIG,Y
Chloe,anime,SPECIES_CLAMPERL,Y
Chloe,anime,SPECIES_CLEFFA,Y
Chloe,anime,SPECIES_CRESSELIA,Y
Chloe,anime,SPECIES_DARKRAI,Y
Chloe,anime,SPECIES_DIALGA,Y
Chloe,anime,SPECIES_EEVEE,Y
Chloe,anime,SPECIES_FEEBAS,Y
Chloe,anime,SPECIES_GROOKEY,Y
Chloe,anime,SPECIES_IMPIDIMP,Y
Chloe,anime,SPECIES_MILCERY,Y
Chloe,anime,SPECIES_PALKIA,Y
Chloe,anime,SPECIES_PIDOVE,Y
Chloe,anime,SPECIES_PIPLUP,Y
Chloe,anime,SPECIES_PONYTA,Y
Chloe,anime,SPECIES_PSYDUCK,Y
Chloe,anime,SPECIES_RHYHORN,Y
Chloe,anime,SPECIES_SEEL,Y
Chloe,anime,SPECIES_SKWOVET,Y
Chloe,anime,SPECIES_SPEAROW,Y
Chloe,anime,SPECIES_WINGULL,Y
Chloe,anime,SPECIES_YAMPER,Y
Chuck,gymleader,SPECIES_ARCEUS,Y
Chuck,gymleader,SPECIES_CHIKORITA,Y
Chuck,gymleader,SPECIES_CLOBBOPUS,Y
Chuck,gymleader,SPECIES_DROWZEE,Y
Chuck,gymleader,SPECIES_MACHOP,Y
Chuck,gymleader,SPECIES_MANKEY,Y
Chuck,gymleader,SPECIES_MAREEP,Y
Chuck,gymleader,SPECIES_MEDITITE,Y
Chuck,gymleader,SPECIES_POLIWAG,Y
Chuck,gymleader,SPECIES_RHYHORN,Y
Chuck,gymleader,SPECIES_SANDSHREW,Y
Chuck,gymleader,SPECIES_SCYTHER,Y
Chuck,gymleader,SPECIES_SHROOMISH,Y
Chuck,gymleader,SPECIES_SNEASEL,Y
Chuck,gymleader,SPECIES_SNUBBULL,Y
Chuck,gymleader,SPECIES_SUICUNE,Y
Chuck,gymleader,SPECIES_TEDDIURSA,Y
Chuck,gymleader,SPECIES_TIMBURR,Y
Chuck,gymleader,SPECIES_TYROGUE,Y
Cilan,gymleader,SPECIES_CLEFFA,Y
Cilan,gymleader,SPECIES_COTTONEE,Y
Cilan,gymleader,SPECIES_FERROSEED,Y
Cilan,gymleader,SPECIES_HOPPIP,Y
Cilan,gymleader,SPECIES_LILLIPUP,Y
Cilan,gymleader,SPECIES_MARACTUS,Y
Cilan,gymleader,SPECIES_PANPOUR,Y
Cilan,gymleader,SPECIES_PANSAGE,Y
Cilan,gymleader,SPECIES_PANSEAR,Y
Cilan,gymleader,SPECIES_PETILIL,Y
Cilan,gymleader,SPECIES_SNIVY,Y
Cilan (anime),anime,SPECIES_AIPOM,Y
Cilan (anime),anime,SPECIES_AXEW,Y
Cilan (anime),anime,SPECIES_BASCULIN,Y
Cilan (anime),anime,SPECIES_BUIZEL,Y
Cilan (anime),anime,SPECIES_CHESPIN,Y
Cilan (anime),anime,SPECIES_CORPHISH,Y
Cilan (anime),anime,SPECIES_DWEBBLE,Y
Cilan (anime),anime,SPECIES_FOONGUS,Y
Cilan (anime),anime,SPECIES_FRILLISH,Y
Cilan (anime),anime,SPECIES_HATENNA,Y
Cilan (anime),anime,SPECIES_LARVESTA,Y
Cilan (anime),anime,SPECIES_MAGIKARP,Y
Cilan (anime),anime,SPECIES_OSHAWOTT,Y
Cilan (anime),anime,SPECIES_PANSAGE,Y
Cilan (anime),anime,SPECIES_PANSEAR,Y
Cilan (anime),anime,SPECIES_PIPLUP,Y
Cilan (anime),anime,SPECIES_PURRLOIN,Y
Cilan (anime),anime,SPECIES_SNIVY,Y
Cilan (anime),anime,SPECIES_SNOVER,Y
Cilan (anime),anime,SPECIES_STUNFISK,Y
Cilan (anime),anime,SPECIES_TERRAKION,Y
Cilan (anime),anime,SPECIES_TIMBURR,Y
Cilan (anime),anime,SPECIES_TYNAMO,Y
Clair,gymleader,SPECIES_AERODACTYL,Y
Clair,gymleader,SPECIES_BAGON,Y
Clair,gymleader,SPECIES_CHARMANDER,Y
Clair,gymleader,SPECIES_CLEFFA,Y
Clair,gymleader,SPECIES_DRAMPA,Y
Clair,gymleader,SPECIES_DRATINI,Y
Clair,gymleader,SPECIES_DRUDDIGON,Y
Clair,gymleader,SPECIES_ENTEI,Y
Clair,gymleader,SPECIES_GIBLE,Y
Clair,gymleader,SPECIES_GROWLITHE,Y
Clair,gymleader,SPECIES_HORSEA,Y
Clair,gymleader,SPECIES_KOFFING,Y
Clair,gymleader,SPECIES_LAPRAS,Y
Clair,gymleader,SPECIES_MAGIKARP,Y
Clair,gymleader,SPECIES_MAREEP,Y
Clair,gymleader,SPECIES_MUNCHLAX,Y
Clair,gymleader,SPECIES_NIDORAN_M,Y
Clair,gymleader,SPECIES_PICHU,Y
Clair,gymleader,SPECIES_RHYHORN,Y
Clair,gymleader,SPECIES_SUICUNE,Y
Clair,gymleader,SPECIES_SWABLU,Y
Clair,gymleader,SPECIES_TYROGUE,Y
Clay,gymleader,SPECIES_BALTOY,Y
Clay,gymleader,SPECIES_DRILBUR,Y
Clay,gymleader,SPECIES_DRUDDIGON,Y
Clay,gymleader,SPECIES_GOLETT,Y
Clay,gymleader,SPECIES_GOTHITA,Y
Clay,gymleader,SPECIES_MUNNA,Y
Clay,gymleader,SPECIES_ONIX,Y
Clay,gymleader,SPECIES_OSHAWOTT,Y
Clay,gymleader,SPECIES_PATRAT,Y
Clay,gymleader,SPECIES_PURRLOIN,Y
Clay,gymleader,SPECIES_ROGGENROLA,Y
Clay,gymleader,SPECIES_SANDILE,Y
Clay,gymleader,SPECIES_SANDSHREW,Y
Clay,gymleader,SPECIES_SNIVY,Y
Clay,gymleader,SPECIES_SWINUB,Y
Clay,gymleader,SPECIES_TEPIG,Y
Clay,gymleader,SPECIES_TIRTOUGA,Y
Clay,gymleader,SPECIES_TRAPINCH,Y
Clay,gymleader,SPECIES_TYMPOLE,Y
Clay,gymleader,SPECIES_ZORUA,Y
Clemont,gymleader,SPECIES_AIPOM,Y
Clemont,gymleader,SPECIES_DEDENNE,Y
Clemont,gymleader,SPECIES_ELECTRIKE,Y
Clemont,gymleader,SPECIES_EMOLGA,Y
Clemont,gymleader,SPECIES_ESPURR,Y
Clemont,gymleader,SPECIES_FENNEKIN,Y
Clemont,gymleader,SPECIES_FURFROU,Y
Clemont,gymleader,SPECIES_HELIOPTILE,Y
Clemont,gymleader,SPECIES_KLEFKI,Y
Clemont,gymleader,SPECIES_MAGNEMITE,Y
Clemont,gymleader,SPECIES_MAREEP,Y
Clemont,gymleader,SPECIES_PACHIRISU,Y
Clemont,gymleader,SPECIES_PICHU,Y
Clemont,gymleader,SPECIES_RHYHORN,Y
Clemont,gymleader,SPECIES_STUNFISK,Y
Clemont,gymleader,SPECIES_VOLTORB,Y
Clemont,gymleader,SPECIES_YVELTAL,Y
Clemont (anime),anime,SPECIES_BUNNELBY,Y
Clemont (anime),anime,SPECIES_CHESPIN,Y
Clemont (anime),anime,SPECIES_DEDENNE,Y
Clemont (anime),anime,SPECIES_DRACOVISH,Y
Clemont (anime),anime,SPECIES_FARFETCHD_GALARIAN,Y
Clemont (anime),anime,SPECIES_FENNEKIN,Y
Clemont (anime),anime,SPECIES_GASTLY,Y
Clemont (anime),anime,SPECIES_GIBLE,Y
Clemont (anime),anime,SPECIES_HELIOPTILE,Y
Clemont (anime),anime,SPECIES_INKAY,Y
Clemont (anime),anime,SPECIES_PANCHAM,Y
Clemont (anime),anime,SPECIES_PANSAGE,Y
Clemont (anime),anime,SPECIES_PUMPKABOO,Y
Clemont (anime),anime,SPECIES_SCATTERBUG,Y
Clemont (anime),anime,SPECIES_SHINX,Y
Clemont (anime),anime,SPECIES_SKIDDO,Y
Clemont (anime),anime,SPECIES_SWINUB,Y
Clemont (anime),anime,SPECIES_TORCHIC,Y
Clemont (anime),anime,SPECIES_TYNAMO,Y
Clemont (anime),anime,SPECIES_VENIPEDE,Y
Clemont (anime),anime,SPECIES_WEEDLE,Y
Clemont (anime),anime,SPECIES_ZAPDOS,Y
Clemont (anime),anime,SPECIES_ZYGARDE,Y
Colress,villain,SPECIES_AXEW,Y
Colress,villain,SPECIES_BELDUM,Y
Colress,villain,SPECIES_COBALION,Y
Colress,villain,SPECIES_CUBCHOO,Y
Colress,villain,SPECIES_DRATINI,Y
Colress,villain,SPECIES_ELGYEM,Y
Colress,villain,SPECIES_FOONGUS,Y
Colress,villain,SPECIES_FRILLISH,Y
Colress,villain,SPECIES_GENESECT,Y
Colress,villain,SPECIES_GOLETT,Y
Colress,villain,SPECIES_GOTHITA,Y
Colress,villain,SPECIES_JOLTIK,Y
Colress,villain,SPECIES_KARRABLAST,Y
Colress,villain,SPECIES_KLINK,Y
Colress,villain,SPECIES_KYUREM,Y
Colress,villain,SPECIES_LANDORUS,Y
Colress,villain,SPECIES_MAGNEMITE,Y
Colress,villain,SPECIES_MIENFOO,Y
Colress,villain,SPECIES_OSHAWOTT,Y
Colress,villain,SPECIES_PICHU,Y
Colress,villain,SPECIES_PIDOVE,Y
Colress,villain,SPECIES_PURRLOIN,Y
Colress,villain,SPECIES_RALTS,Y
Colress,villain,SPECIES_RESHIRAM,Y
Colress,villain,SPECIES_ROTOM,Y
Colress,villain,SPECIES_SNIVY,Y
Colress,villain,SPECIES_TERRAKION,Y
Colress,villain,SPECIES_THUNDURUS,Y
Colress,villain,SPECIES_TIMBURR,Y
Colress,villain,SPECIES_TORNADUS,Y
Colress,villain,SPECIES_VENIPEDE,Y
Colress,villain,SPECIES_VICTINI,Y
Colress,villain,SPECIES_VIRIZION,Y
Colress,villain,SPECIES_WOOBAT,Y
Colress,villain,SPECIES_ZEKROM,Y
Crasher Wake,gymleader,SPECIES_BUIZEL,Y
Crasher Wake,gymleader,SPECIES_CARVANHA,Y
Crasher Wake,gymleader,SPECIES_CLAMPERL,Y
Crasher Wake,gymleader,SPECIES_FINNEON,Y
Crasher Wake,gymleader,SPECIES_HORSEA,Y
Crasher Wake,gymleader,SPECIES_LOTAD,Y
Crasher Wake,gymleader,SPECIES_MAGIKARP,Y
Crasher Wake,gymleader,SPECIES_PICHU,Y
Crasher Wake,gymleader,SPECIES_PIPLUP,Y
Crasher Wake,gymleader,SPECIES_POLIWAG,Y
Crasher Wake,gymleader,SPECIES_SHELLOS,Y
Crasher Wake,gymleader,SPECIES_TURTWIG,Y
Crasher Wake,gymleader,SPECIES_WOOPER,Y
Cress,gymleader,SPECIES_AZURILL,Y
Cress,gymleader,SPECIES_BASCULIN,Y
Cress,gymleader,SPECIES_BUIZEL,Y
Cress,gymleader,SPECIES_CLEFFA,Y
Cress,gymleader,SPECIES_CORPHISH,Y
Cress,gymleader,SPECIES_LILLIPUP,Y
Cress,gymleader,SPECIES_OSHAWOTT,Y
Cress,gymleader,SPECIES_PANPOUR,Y
Cress,gymleader,SPECIES_PANSAGE,Y
Cress,gymleader,SPECIES_PANSEAR,Y
Cress,gymleader,SPECIES_PSYDUCK,Y
Cress,gymleader,SPECIES_SLOWPOKE,Y
Cress,gymleader,SPECIES_TYMPOLE,Y
Cynthia,champion,SPECIES_ARCEUS,Y
Cynthia,champion,SPECIES_AZELF,Y
Cynthia,champion,SPECIES_BUDEW,Y
Cynthia,champion,SPECIES_CHIMCHAR,Y
Cynthia,champion,SPECIES_DIALGA,Y
Cynthia,champion,SPECIES_EEVEE,Y
Cynthia,champion,SPECIES_ELEKID,Y
Cynthia,champion,SPECIES_FEEBAS,Y
Cynthia,champion,SPECIES_GIBLE,Y
Cynthia,champion,SPECIES_GIRATINA,Y
Cynthia,champion,SPECIES_JANGMO_O,Y
Cynthia,champion,SPECIES_MAGIKARP,Y
Cynthia,champion,SPECIES_PALKIA,Y
Cynthia,champion,SPECIES_PIPLUP,Y
Cynthia,champion,SPECIES_PORYGON,Y
Cynthia,champion,SPECIES_PSYDUCK,Y
Cynthia,champion,SPECIES_RIOLU,Y
Cynthia,champion,SPECIES_RUFFLET,Y
Cynthia,champion,SPECIES_SHELLOS,Y
Cynthia,champion,SPECIES_SNEASEL,Y
Cynthia,champion,SPECIES_SPIRITOMB,Y
Cynthia,champion,SPECIES_TOGEPI,Y
Cynthia,champion,SPECIES_TYNAMO,Y
Cyrus,villain,SPECIES_AZELF,Y
Cyrus,villain,SPECIES_CROAGUNK,Y
Cyrus,villain,SPECIES_DARKRAI,Y
Cyrus,villain,SPECIES_DIALGA,Y
Cyrus,villain,SPECIES_DRATINI,Y
Cyrus,villain,SPECIES_EEVEE,Y
Cyrus,villain,SPECIES_FEEBAS,Y
Cyrus,villain,SPECIES_GIBLE,Y
Cyrus,villain,SPECIES_GIRATINA,Y
Cyrus,villain,SPECIES_HOOPA,Y
Cyrus,villain,SPECIES_HOUNDOUR,Y
Cyrus,villain,SPECIES_MAGIKARP,Y
Cyrus,villain,SPECIES_MAGNEMITE,Y
Cyrus,villain,SPECIES_MESPRIT,Y
Cyrus,villain,SPECIES_MURKROW,Y
Cyrus,villain,SPECIES_NOSEPASS,Y
Cyrus,villain,SPECIES_PALKIA,Y
Cyrus,villain,SPECIES_PIPLUP,Y
Cyrus,villain,SPECIES_REGIGIGAS,Y
Cyrus,villain,SPECIES_RHYHORN,Y
Cyrus,villain,SPECIES_SHAYMIN,Y
Cyrus,villain,SPECIES_SHINX,Y
Cyrus,villain,SPECIES_SNEASEL,Y
Cyrus,villain,SPECIES_SPIRITOMB,Y
Cyrus,villain,SPECIES_UXIE,Y
Cyrus,villain,SPECIES_ZUBAT,Y
Dawn,protagonist,SPECIES_ABRA,Y
Dawn,protagonist,SPECIES_AIPOM,Y
Dawn,protagonist,SPECIES_BIDOOF,Y
Dawn,protagonist,SPECIES_BUNEARY,Y
Dawn,protagonist,SPECIES_BURMY,Y
Dawn,protagonist,SPECIES_CHIMCHAR,Y
Dawn,protagonist,SPECIES_CLAMPERL,Y
Dawn,protagonist,SPECIES_CLEFFA,Y
Dawn,protagonist,SPECIES_CRESSELIA,Y
Dawn,protagonist,SPECIES_CYNDAQUIL,Y
Dawn,protagonist,SPECIES_DIALGA,Y
Dawn,protagonist,SPECIES_FEEBAS,Y
Dawn,protagonist,SPECIES_GROWLITHE,Y
Dawn,protagonist,SPECIES_LICKITUNG,Y
Dawn,protagonist,SPECIES_MAGBY,Y
Dawn,protagonist,SPECIES_MILCERY,Y
Dawn,protagonist,SPECIES_MIMEJR,Y
Dawn,protagonist,SPECIES_MURKROW,Y
Dawn,protagonist,SPECIES_ODDISH,Y
Dawn,protagonist,SPECIES_ORICORIO,Y
Dawn,protagonist,SPECIES_PALKIA,Y
Dawn,protagonist,SPECIES_PIPLUP,Y
Dawn,protagonist,SPECIES_SNORUNT,Y
Dawn,protagonist,SPECIES_SQUIRTLE,Y
Dawn,protagonist,SPECIES_STARLY,Y
Dawn,protagonist,SPECIES_SWINUB,Y
Dawn,protagonist,SPECIES_TANGELA,Y
Dawn,protagonist,SPECIES_TOGEPI,Y
Dawn,protagonist,SPECIES_TREECKO,Y
Dawn,protagonist,SPECIES_TURTWIG,Y
Dawn,protagonist,SPECIES_ZUBAT,Y
Dawn (anime),anime,SPECIES_AIPOM,Y
Dawn (anime),anime,SPECIES_ARCEUS,Y
Dawn (anime),anime,SPECIES_BUNEARY,Y
Dawn (anime),anime,SPECIES_CARVANHA,Y
Dawn (anime),anime,SPECIES_CRESSELIA,Y
Dawn (anime),anime,SPECIES_DARKRAI,Y
Dawn (anime),anime,SPECIES_DIALGA,Y
Dawn (anime),anime,SPECIES_DODUO,Y
Dawn (anime),anime,SPECIES_DRATINI,Y
Dawn (anime),anime,SPECIES_EEVEE,Y
Dawn (anime),anime,SPECIES_FOONGUS,Y
Dawn (anime),anime,SPECIES_GEODUDE,Y
Dawn (anime),anime,SPECIES_GIBLE,Y
Dawn (anime),anime,SPECIES_GLAMEOW,Y
Dawn (anime),anime,SPECIES_GRIMER,Y
Dawn (anime),anime,SPECIES_HEATRAN,Y
Dawn (anime),anime,SPECIES_MINUN,Y
Dawn (anime),anime,SPECIES_OSHAWOTT,Y
Dawn (anime),anime,SPECIES_PACHIRISU,Y
Dawn (anime),anime,SPECIES_PALKIA,Y
Dawn (anime),anime,SPECIES_PANSAGE,Y
Dawn (anime),anime,SPECIES_PICHU,Y
Dawn (anime),anime,SPECIES_PIPLUP,Y
Dawn (anime),anime,SPECIES_PLUSLE,Y
Dawn (anime),anime,SPECIES_RALTS,Y
Dawn (anime),anime,SPECIES_RHYHORN,Y
Dawn (anime),anime,SPECIES_SPINARAK,Y
Dawn (anime),anime,SPECIES_SWINUB,Y
Dawn (anime),anime,SPECIES_TOGEPI,Y
Dawn (anime),anime,SPECIES_VENONAT,Y
Diantha,champion,SPECIES_ABSOL,Y
Diantha,champion,SPECIES_AMAURA,Y
Diantha,champion,SPECIES_DEINO,Y
Diantha,champion,SPECIES_DIANCIE,Y
Diantha,champion,SPECIES_DRATINI,Y
Diantha,champion,SPECIES_DREEPY,Y
Diantha,champion,SPECIES_FLETCHLING,Y
Diantha,champion,SPECIES_GOOMY,Y
Diantha,champion,SPECIES_GROOKEY,Y
Diantha,champion,SPECIES_HAWLUCHA,Y
Diantha,champion,SPECIES_INKAY,Y
Diantha,champion,SPECIES_KELDEO,Y
Diantha,champion,SPECIES_MAGIKARP,Y
Diantha,champion,SPECIES_PUMPKABOO,Y
Diantha,champion,SPECIES_RALTS,Y
Diantha,champion,SPECIES_RAYQUAZA,Y
Diantha,champion,SPECIES_TYRUNT,Y
Diantha,champion,SPECIES_YVELTAL,Y
Diantha,champion,SPECIES_ZYGARDE,Y
Drake,elite4,SPECIES_AXEW,Y
Drake,elite4,SPECIES_BAGON,Y
Drake,elite4,SPECIES_HOOPA,Y
Drake,elite4,SPECIES_HORSEA,Y
Drake,elite4,SPECIES_PICHU,Y
Drake,elite4,SPECIES_REGICE,Y
Drake,elite4,SPECIES_REGIROCK,Y
Drake,elite4,SPECIES_REGISTEEL,Y
Drake,elite4,SPECIES_SCYTHER,Y
Drake,elite4,SPECIES_SKRELP,Y
Drake,elite4,SPECIES_SWABLU,Y
Drake,elite4,SPECIES_TRAPINCH,Y
Drasna,elite4,SPECIES_DRUDDIGON,Y
Drasna,elite4,SPECIES_KARRABLAST,Y
Drasna,elite4,SPECIES_NOIBAT,Y
Drasna,elite4,SPECIES_SKRELP,Y
Drasna,elite4,SPECIES_SWABLU,Y
Drayden,gymleader,SPECIES_AXEW,Y
Drayden,gymleader,SPECIES_BAGON,Y
Drayden,gymleader,SPECIES_DEINO,Y
Drayden,gymleader,SPECIES_DRATINI,Y
Drayden,gymleader,SPECIES_DRILBUR,Y
Drayden,gymleader,SPECIES_DRUDDIGON,Y
Drayden,gymleader,SPECIES_KYUREM,Y
Drayden,gymleader,SPECIES_RUFFLET,Y
Drayden,gymleader,SPECIES_SWABLU,Y
Drayden,gymleader,SPECIES_TRAPINCH,Y
Drayden,gymleader,SPECIES_VENIPEDE,Y
Drew,anime,SPECIES_ABSOL,Y
Drew,anime,SPECIES_ARON,Y
Drew,anime,SPECIES_BALTOY,Y
Drew,anime,SPECIES_BUDEW,Y
Drew,anime,SPECIES_BULBASAUR,Y
Drew,anime,SPECIES_CATERPIE,Y
Drew,anime,SPECIES_DUSKULL,Y
Drew,anime,SPECIES_FEEBAS,Y
Drew,anime,SPECIES_GIRAFARIG,Y
Drew,anime,SPECIES_GROWLITHE,Y
Drew,anime,SPECIES_MEDITITE,Y
Drew,anime,SPECIES_SKITTY,Y
Drew,anime,SPECIES_SQUIRTLE,Y
Drew,anime,SPECIES_SURSKIT,Y
Drew,anime,SPECIES_TAILLOW,Y
Drew,anime,SPECIES_TORCHIC,Y
Drew,anime,SPECIES_TRAPINCH,Y
Drew,anime,SPECIES_WHISMUR,Y
Drew,anime,SPECIES_WURMPLE,Y
Drew,anime,SPECIES_WYNAUT,Y
Elesa,gymleader,SPECIES_BLITZLE,Y
Elesa,gymleader,SPECIES_EMOLGA,Y
Elesa,gymleader,SPECIES_GOTHITA,Y
Elesa,gymleader,SPECIES_JOLTIK,Y
Elesa,gymleader,SPECIES_MAREEP,Y
Elesa,gymleader,SPECIES_MINCCINO,Y
Elesa,gymleader,SPECIES_PATRAT,Y
Elesa,gymleader,SPECIES_PICHU,Y
Elesa,gymleader,SPECIES_ROTOM,Y
Elesa,gymleader,SPECIES_SHELMET,Y
Elesa,gymleader,SPECIES_SHINX,Y
Elesa,gymleader,SPECIES_STUNFISK,Y
Elesa,gymleader,SPECIES_TEPIG,Y
Elesa,gymleader,SPECIES_THUNDURUS,Y
Elesa,gymleader,SPECIES_TOGEPI,Y
Elesa,gymleader,SPECIES_TYMPOLE,Y
Elesa,gymleader,SPECIES_TYNAMO,Y
Elesa,gymleader,SPECIES_ZORUA,Y
Elio,protagonist,SPECIES_BLACEPHALON,Y
Elio,protagonist,SPECIES_COSMOG,Y
Elio,protagonist,SPECIES_EEVEE,Y
Elio,protagonist,SPECIES_EXEGGCUTE,Y
Elio,protagonist,SPECIES_FROAKIE,Y
Elio,protagonist,SPECIES_JANGMO_O,Y
Elio,protagonist,SPECIES_LITTEN,Y
Elio,protagonist,SPECIES_NECROZMA,Y
Elio,protagonist,SPECIES_NIHILEGO,Y
Elio,protagonist,SPECIES_PICHU,Y
Elio,protagonist,SPECIES_POPPLIO,Y
Elio,protagonist,SPECIES_ROCKRUFF,Y
Elio,protagonist,SPECIES_ROTOM,Y
Elio,protagonist,SPECIES_ROWLET,Y
Elio,protagonist,SPECIES_SPEAROW,Y
Elio,protagonist,SPECIES_STAKATAKA,Y
Elio,protagonist,SPECIES_TAPU_KOKO,Y
Elio,protagonist,SPECIES_TYPE_NULL,Y
Elio,protagonist,SPECIES_YUNGOOS,Y
Erika,gymleader,SPECIES_BELLSPROUT,Y
Erika,gymleader,SPECIES_BUDEW,Y
Erika,gymleader,SPECIES_BULBASAUR,Y
Erika,gymleader,SPECIES_CHARMANDER,Y
Erika,gymleader,SPECIES_CLEFFA,Y
Erika,gymleader,SPECIES_COMFEY,Y
Erika,gymleader,SPECIES_COTTONEE,Y
Erika,gymleader,SPECIES_CUBONE,Y
Erika,gymleader,SPECIES_DROWZEE,Y
Erika,gymleader,SPECIES_EEVEE,Y
Erika,gymleader,SPECIES_EXEGGCUTE,Y
Erika,gymleader,SPECIES_FOMANTIS,Y
Erika,gymleader,SPECIES_GRIMER,Y
Erika,gymleader,SPECIES_HAPPINY,Y
Erika,gymleader,SPECIES_HOPPIP,Y
Erika,gymleader,SPECIES_LILEEP,Y
Erika,gymleader,SPECIES_MANTYKE,Y
Erika,gymleader,SPECIES_ODDISH,Y
Erika,gymleader,SPECIES_PARAS,Y
Erika,gymleader,SPECIES_PETILIL,Y
Erika,gymleader,SPECIES_PICHU,Y
Erika,gymleader,SPECIES_PINSIR,Y
Erika,gymleader,SPECIES_PORYGON,Y
Erika,gymleader,SPECIES_SEEDOT,Y
Erika,gymleader,SPECIES_SEEL,Y
Erika,gymleader,SPECIES_SHELLDER,Y
Erika,gymleader,SPECIES_SNOVER,Y
Erika,gymleader,SPECIES_SWINUB,Y
Erika,gymleader,SPECIES_TANGELA,Y
Erika,gymleader,SPECIES_VULPIX,Y
Ethan,protagonist,SPECIES_AZURILL,Y
Ethan,protagonist,SPECIES_CYNDAQUIL,Y
Ethan,protagonist,SPECIES_HO_OH,Y
Ethan,protagonist,SPECIES_LUGIA,Y
Ethan,protagonist,SPECIES_PHANPY,Y
Ethan,protagonist,SPECIES_RAIKOU,Y
Ethan,protagonist,SPECIES_RATTATA,Y
Falkner,gymleader,SPECIES_AERODACTYL,Y
Falkner,gymleader,SPECIES_ARCEUS,Y
Falkner,gymleader,SPECIES_ARTICUNO,Y
Falkner,gymleader,SPECIES_CHARMANDER,Y
Falkner,gymleader,SPECIES_CHIKORITA,Y
Falkner,gymleader,SPECIES_CLEFFA,Y
Falkner,gymleader,SPECIES_CYNDAQUIL,Y
Falkner,gymleader,SPECIES_DELIBIRD,Y
Falkner,gymleader,SPECIES_DODUO,Y
Falkner,gymleader,SPECIES_ENTEI,Y
Falkner,gymleader,SPECIES_FARFETCHD,Y
Falkner,gymleader,SPECIES_GLIGAR,Y
Falkner,gymleader,SPECIES_GRIMER,Y
Falkner,gymleader,SPECIES_HOOTHOOT,Y
Falkner,gymleader,SPECIES_LUGIA,Y
Falkner,gymleader,SPECIES_MAREEP,Y
Falkner,gymleader,SPECIES_MURKROW,Y
Falkner,gymleader,SPECIES_NATU,Y
Falkner,gymleader,SPECIES_PICHU,Y
Falkner,gymleader,SPECIES_PIDGEY,Y
Falkner,gymleader,SPECIES_RAIKOU,Y
Falkner,gymleader,SPECIES_SKARMORY,Y
Falkner,gymleader,SPECIES_SPEAROW,Y
Falkner,gymleader,SPECIES_SPINARAK,Y
Falkner,gymleader,SPECIES_STARLY,Y
Falkner,gymleader,SPECIES_SUICUNE,Y
Falkner,gymleader,SPECIES_SUNKERN,Y
Falkner,gymleader,SPECIES_TAILLOW,Y
Falkner,gymleader,SPECIES_TOGEPI,Y
Falkner,gymleader,SPECIES_TOTODILE,Y
Falkner,gymleader,SPECIES_WINGULL,Y
Falkner,gymleader,SPECIES_ZAPDOS,Y
Falkner,gymleader,SPECIES_ZUBAT,Y
Fantina,gymleader,SPECIES_BRONZOR,Y
Fantina,gymleader,SPECIES_CHIMCHAR,Y
Fantina,gymleader,SPECIES_DIALGA,Y
Fantina,gymleader,SPECIES_DRIFLOON,Y
Fantina,gymleader,SPECIES_DUSKULL,Y
Fantina,gymleader,SPECIES_FRILLISH,Y
Fantina,gymleader,SPECIES_GASTLY,Y
Fantina,gymleader,SPECIES_GIRATINA,Y
Fantina,gymleader,SPECIES_GLAMEOW,Y
Fantina,gymleader,SPECIES_MESPRIT,Y
Fantina,gymleader,SPECIES_MISDREAVUS,Y
Fantina,gymleader,SPECIES_NOSEPASS,Y
Fantina,gymleader,SPECIES_PALKIA,Y
Fantina,gymleader,SPECIES_PIPLUP,Y
Fantina,gymleader,SPECIES_ROTOM,Y
Fantina,gymleader,SPECIES_SHUPPET,Y
Fantina,gymleader,SPECIES_SNORUNT,Y
Fantina,gymleader,SPECIES_SPIRITOMB,Y
Flannery,gymleader,SPECIES_CORPHISH,Y
Flannery,gymleader,SPECIES_GROWLITHE,Y
Flannery,gymleader,SPECIES_HOUNDOUR,Y
Flannery,gymleader,SPECIES_KYOGRE,Y
Flannery,gymleader,SPECIES_LITWICK,Y
Flannery,gymleader,SPECIES_LOTAD,Y
Flannery,gymleader,SPECIES_MAGBY,Y
Flannery,gymleader,SPECIES_NUMEL,Y
Flannery,gymleader,SPECIES_PICHU,Y
Flannery,gymleader,SPECIES_PONYTA,Y
Flannery,gymleader,SPECIES_SLUGMA,Y
Flannery,gymleader,SPECIES_TORCHIC,Y
Flannery,gymleader,SPECIES_TORKOAL,Y
Flannery,gymleader,SPECIES_VULPIX,Y
Flint,elite4,SPECIES_BUIZEL,Y
Flint,elite4,SPECIES_BUNEARY,Y
Flint,elite4,SPECIES_CHARMANDER,Y
Flint,elite4,SPECIES_CHIMCHAR,Y
Flint,elite4,SPECIES_DRIFLOON,Y
Flint,elite4,SPECIES_EEVEE,Y
Flint,elite4,SPECIES_ELEKID,Y
Flint,elite4,SPECIES_GIBLE,Y
Flint,elite4,SPECIES_GROWLITHE,Y
Flint,elite4,SPECIES_HOUNDOUR,Y
Flint,elite4,SPECIES_MAGBY,Y
Flint,elite4,SPECIES_MISDREAVUS,Y
Flint,elite4,SPECIES_ONIX,Y
Flint,elite4,SPECIES_PICHU,Y
Flint,elite4,SPECIES_PIPLUP,Y
Flint,elite4,SPECIES_PONYTA,Y
Flint,elite4,SPECIES_REGIGIGAS,Y
Flint,elite4,SPECIES_SHINX,Y
Flint,elite4,SPECIES_VULPIX,Y
Gardenia,gymleader,SPECIES_AIPOM,Y
Gardenia,gymleader,SPECIES_BELLSPROUT,Y
Gardenia,gymleader,SPECIES_BUDEW,Y
Gardenia,gymleader,SPECIES_BURMY,Y
Gardenia,gymleader,SPECIES_CACNEA,Y
Gardenia,gymleader,SPECIES_CARNIVINE,Y
Gardenia,gymleader,SPECIES_CHERUBI,Y
Gardenia,gymleader,SPECIES_COMBEE,Y
Gardenia,gymleader,SPECIES_CRANIDOS,Y
Gardenia,gymleader,SPECIES_DHELMISE,Y
Gardenia,gymleader,SPECIES_EEVEE,Y
Gardenia,gymleader,SPECIES_HOPPIP,Y
Gardenia,gymleader,SPECIES_MISDREAVUS,Y
Gardenia,gymleader,SPECIES_ODDISH,Y
Gardenia,gymleader,SPECIES_PACHIRISU,Y
Gardenia,gymleader,SPECIES_PIPLUP,Y
Gardenia,gymleader,SPECIES_PONYTA,Y
Gardenia,gymleader,SPECIES_SEEDOT,Y
Gardenia,gymleader,SPECIES_SEVIPER,Y
Gardenia,gymleader,SPECIES_SHINX,Y
Gardenia,gymleader,SPECIES_SHROOMISH,Y
Gardenia,gymleader,SPECIES_SUNKERN,Y
Gardenia,gymleader,SPECIES_TANGELA,Y
Gardenia,gymleader,SPECIES_TROPIUS,Y
Gardenia,gymleader,SPECIES_TURTWIG,Y
Gary,anime,SPECIES_ABRA,Y
Gary,anime,SPECIES_AERODACTYL,Y
Gary,anime,SPECIES_ARTICUNO,Y
Gary,anime,SPECIES_BULBASAUR,Y
Gary,anime,SPECIES_CATERPIE,Y
Gary,anime,SPECIES_CHARMANDER,Y
Gary,anime,SPECIES_DIALGA,Y
Gary,anime,SPECIES_DIGLETT,Y
Gary,anime,SPECIES_DODUO,Y
Gary,anime,SPECIES_EEVEE,Y
Gary,anime,SPECIES_ELEKID,Y
Gary,anime,SPECIES_GEODUDE,Y
Gary,anime,SPECIES_GROWLITHE,Y
Gary,anime,SPECIES_HATENNA,Y
Gary,anime,SPECIES_HERACROSS,Y
Gary,anime,SPECIES_HOOTHOOT,Y
Gary,anime,SPECIES_KRABBY,Y
Gary,anime,SPECIES_LARVITAR,Y
Gary,anime,SPECIES_MAGBY,Y
Gary,anime,SPECIES_MAGIKARP,Y
Gary,anime,SPECIES_MOLTRES,Y
Gary,anime,SPECIES_MUNCHLAX,Y
Gary,anime,SPECIES_NIDORAN_F,Y
Gary,anime,SPECIES_NIDORAN_M,Y
Gary,anime,SPECIES_ONIX,Y
Gary,anime,SPECIES_PALKIA,Y
Gary,anime,SPECIES_PICHU,Y
Gary,anime,SPECIES_PIDGEY,Y
Gary,anime,SPECIES_PONYTA,Y
Gary,anime,SPECIES_REGIDRAGO,Y
Gary,anime,SPECIES_REGIELEKI,Y
Gary,anime,SPECIES_RHYHORN,Y
Gary,anime,SPECIES_SCYTHER,Y
Gary,anime,SPECIES_SHIELDON,Y
Gary,anime,SPECIES_SLOWPOKE,Y
Gary,anime,SPECIES_SQUIRTLE,Y
Gary,anime,SPECIES_TAUROS,Y
Gary,anime,SPECIES_VULPIX,Y
Gary,anime,SPECIES_WEEDLE,Y
Gary,anime,SPECIES_WYNAUT,Y
Geeta,champion,SPECIES_BERGMITE,Y
Geeta,champion,SPECIES_CHESPIN,Y
Geeta,champion,SPECIES_DREEPY,Y
Geeta,champion,SPECIES_FLITTLE,Y
Geeta,champion,SPECIES_GLIMMET,Y
Geeta,champion,SPECIES_PAWNIARD,Y
Geeta,champion,SPECIES_SKIDDO,Y
Geeta,champion,SPECIES_VELUZA,Y
Ghetsis,villain,SPECIES_BOUFFALANT,Y
Ghetsis,villain,SPECIES_CROAGUNK,Y
Ghetsis,villain,SPECIES_DEINO,Y
Ghetsis,villain,SPECIES_ELGYEM,Y
Ghetsis,villain,SPECIES_KYUREM,Y
Ghetsis,villain,SPECIES_LARVESTA,Y
Ghetsis,villain,SPECIES_MUNNA,Y
Ghetsis,villain,SPECIES_PAWNIARD,Y
Ghetsis,villain,SPECIES_RESHIRAM,Y
Ghetsis,villain,SPECIES_RUFFLET,Y
Ghetsis,villain,SPECIES_SKORUPI,Y
Ghetsis,villain,SPECIES_TIRTOUGA,Y
Ghetsis,villain,SPECIES_TYMPOLE,Y
Ghetsis,villain,SPECIES_TYNAMO,Y
Ghetsis,villain,SPECIES_YAMASK,Y
Ghetsis,villain,SPECIES_ZEKROM,Y
Giovanni,villain,SPECIES_BELLSPROUT,Y
Giovanni,villain,SPECIES_CHARMANDER,Y
Giovanni,villain,SPECIES_CUBONE,Y
Giovanni,villain,SPECIES_DIGLETT,Y
Giovanni,villain,SPECIES_EEVEE,Y
Giovanni,villain,SPECIES_GASTLY,Y
Giovanni,villain,SPECIES_GEODUDE,Y
Giovanni,villain,SPECIES_GIBLE,Y
Giovanni,villain,SPECIES_GLIGAR,Y
Giovanni,villain,SPECIES_GUZZLORD,Y
Giovanni,villain,SPECIES_HIPPOPOTAS,Y
Giovanni,villain,SPECIES_KABUTO,Y
Giovanni,villain,SPECIES_KANGASKHAN,Y
Giovanni,villain,SPECIES_LAPRAS,Y
Giovanni,villain,SPECIES_MACHOP,Y
Giovanni,villain,SPECIES_MEOWTH,Y
Giovanni,villain,SPECIES_MEWTWO,Y
Giovanni,villain,SPECIES_MOLTRES,Y
Giovanni,villain,SPECIES_MUNCHLAX,Y
Giovanni,villain,SPECIES_MURKROW,Y
Giovanni,villain,SPECIES_NIDORAN_F,Y
Giovanni,villain,SPECIES_NIDORAN_M,Y
Giovanni,villain,SPECIES_ONIX,Y
Giovanni,villain,SPECIES_RHYHORN,Y
Giovanni,villain,SPECIES_SANDILE,Y
Giovanni,villain,SPECIES_SANDSHREW,Y
Giovanni,villain,SPECIES_TAUROS,Y
Giovanni,villain,SPECIES_TYROGUE,Y
Glacia,elite4,SPECIES_CELEBI,Y
Glacia,elite4,SPECIES_CUBCHOO,Y
Glacia,elite4,SPECIES_REGICE,Y
Glacia,elite4,SPECIES_REGIROCK,Y
Glacia,elite4,SPECIES_REGISTEEL,Y
Glacia,elite4,SPECIES_SNORUNT,Y
Glacia,elite4,SPECIES_SNOVER,Y
Glacia,elite4,SPECIES_SPHEAL,Y
Glacia,elite4,SPECIES_VANILLITE,Y
Gladion,rival,SPECIES_BULBASAUR,Y
Gladion,rival,SPECIES_CELESTEELA,Y
Gladion,rival,SPECIES_CHARMANDER,Y
Gladion,rival,SPECIES_COSMOG,Y
Gladion,rival,SPECIES_GRIMER,Y
Gladion,rival,SPECIES_GUZZLORD,Y
Gladion,rival,SPECIES_KOMALA,Y
Gladion,rival,SPECIES_MAGEARNA,Y
Gladion,rival,SPECIES_MAREANIE,Y
Gladion,rival,SPECIES_MEOWTH,Y
Gladion,rival,SPECIES_NECROZMA,Y
Gladion,rival,SPECIES_NIHILEGO,Y
Gladion,rival,SPECIES_PICHU,Y
Gladion,rival,SPECIES_PORYGON,Y
Gladion,rival,SPECIES_RIOLU,Y
Gladion,rival,SPECIES_ROCKRUFF,Y
Gladion,rival,SPECIES_SNEASEL,Y
Gladion,rival,SPECIES_SQUIRTLE,Y
Gladion,rival,SPECIES_TAPU_KOKO,Y
Gladion,rival,SPECIES_TAPU_LELE,Y
Gladion,rival,SPECIES_TURTONATOR,Y
Gladion,rival,SPECIES_TYPE_NULL,Y
Gladion,rival,SPECIES_XURKITREE,Y
Gladion,rival,SPECIES_ZORUA,Y
Gladion,rival,SPECIES_ZUBAT,Y
Gladion,rival,SPECIES_ZYGARDE,Y
Gloria,protagonist,SPECIES_GROOKEY,Y
Gloria,protagonist,SPECIES_KUBFU,Y
Gloria,protagonist,SPECIES_SCORBUNNY,Y
Gloria,protagonist,SPECIES_SOBBLE,Y
Gloria,protagonist,SPECIES_ZACIAN,Y
Goh,anime,SPECIES_BULBASAUR,Y
Goh,anime,SPECIES_BUNNELBY,Y
Goh,anime,SPECIES_CHEWTLE,Y
Goh,anime,SPECIES_CUBONE,Y
Goh,anime,SPECIES_CYNDAQUIL,Y
Goh,anime,SPECIES_DARUMAKA,Y
Goh,anime,SPECIES_DIGLETT,Y
Goh,anime,SPECIES_DURANT,Y
Goh,anime,SPECIES_EEVEE,Y
Goh,anime,SPECIES_ETERNATUS,Y
Goh,anime,SPECIES_EXEGGCUTE,Y
Goh,anime,SPECIES_FEEBAS,Y
Goh,anime,SPECIES_FLABEBE,Y
Goh,anime,SPECIES_GOLETT,Y
Goh,anime,SPECIES_GROOKEY,Y
Goh,anime,SPECIES_HERACROSS,Y
Goh,anime,SPECIES_HORSEA,Y
Goh,anime,SPECIES_LOTAD,Y
Goh,anime,SPECIES_LUGIA,Y
Goh,anime,SPECIES_MOLTRES,Y
Goh,anime,SPECIES_MUNCHLAX,Y
Goh,anime,SPECIES_NICKIT,Y
Goh,anime,SPECIES_PICHU,Y
Goh,anime,SPECIES_PINSIR,Y
Goh,anime,SPECIES_REGIELEKI,Y
Goh,anime,SPECIES_ROTOM,Y
Goh,anime,SPECIES_SCORBUNNY,Y
Goh,anime,SPECIES_SCYTHER,Y
Goh,anime,SPECIES_SHELLDER,Y
Goh,anime,SPECIES_SILICOBRA,Y
Goh,anime,SPECIES_SLOWPOKE,Y
Goh,anime,SPECIES_SOBBLE,Y
Goh,anime,SPECIES_SUICUNE,Y
Goh,anime,SPECIES_SUNKERN,Y
Goh,anime,SPECIES_TRUBBISH,Y
Goh,anime,SPECIES_TURTONATOR,Y
Goh,anime,SPECIES_TYMPOLE,Y
Goh,anime,SPECIES_VULPIX,Y
Goh,anime,SPECIES_WHISMUR,Y
Goh,anime,SPECIES_ZACIAN,Y
Goh,anime,SPECIES_ZAMAZENTA,Y
Goh,anime,SPECIES_ZIGZAGOON,Y
Gordie,gymleader,SPECIES_BINACLE,Y
Gordie,gymleader,SPECIES_ETERNATUS,Y
Gordie,gymleader,SPECIES_LAPRAS,Y
Gordie,gymleader,SPECIES_LARVITAR,Y
Gordie,gymleader,SPECIES_ROLYCOLY,Y
Gordie,gymleader,SPECIES_SCRAGGY,Y
Gordie,gymleader,SPECIES_SHUCKLE,Y
Gordie,gymleader,SPECIES_SOBBLE,Y
Gordie,gymleader,SPECIES_STONJOURNER,Y
Grant,gymleader,SPECIES_AMAURA,Y
Grant,gymleader,SPECIES_MIMEJR,Y
Grant,gymleader,SPECIES_ONIX,Y
Grant,gymleader,SPECIES_PAWNIARD,Y
Grant,gymleader,SPECIES_RHYHORN,Y
Grant,gymleader,SPECIES_SURSKIT,Y
Grant,gymleader,SPECIES_TYRUNT,Y
Grant,gymleader,SPECIES_XERNEAS,Y
Grant,gymleader,SPECIES_YVELTAL,Y
Grimsley,elite4,SPECIES_ABSOL,Y
Grimsley,elite4,SPECIES_CARVANHA,Y
Grimsley,elite4,SPECIES_DRILBUR,Y
Grimsley,elite4,SPECIES_GENESECT,Y
Grimsley,elite4,SPECIES_GOLETT,Y
Grimsley,elite4,SPECIES_HOUNDOUR,Y
Grimsley,elite4,SPECIES_KLINK,Y
Grimsley,elite4,SPECIES_LANDORUS,Y
Grimsley,elite4,SPECIES_LARVITAR,Y
Grimsley,elite4,SPECIES_MARACTUS,Y
Grimsley,elite4,SPECIES_MURKROW,Y
Grimsley,elite4,SPECIES_PAWNIARD,Y
Grimsley,elite4,SPECIES_PURRLOIN,Y
Grimsley,elite4,SPECIES_SANDILE,Y
Grimsley,elite4,SPECIES_SCRAGGY,Y
Grimsley,elite4,SPECIES_SKORUPI,Y
Grimsley,elite4,SPECIES_THUNDURUS,Y
Grimsley,elite4,SPECIES_TORNADUS,Y
Grusha,gymleader,SPECIES_CETODDLE,Y
Grusha,gymleader,SPECIES_CUBCHOO,Y
Grusha,gymleader,SPECIES_HATENNA,Y
Grusha,gymleader,SPECIES_PSYDUCK,Y
Grusha,gymleader,SPECIES_SNEASEL,Y
Grusha,gymleader,SPECIES_SNOM,Y
Grusha,gymleader,SPECIES_SNORUNT,Y
Grusha,gymleader,SPECIES_SPRIGATITO,Y
Grusha,gymleader,SPECIES_SWABLU,Y
Grusha,gymleader,SPECIES_VULPIX,Y
Guzma,villain,SPECIES_BLACEPHALON,Y
Guzma,villain,SPECIES_BUZZWOLE,Y
Guzma,villain,SPECIES_CELESTEELA,Y
Guzma,villain,SPECIES_COSMOG,Y
Guzma,villain,SPECIES_GRUBBIN,Y
Guzma,villain,SPECIES_GUZZLORD,Y
Guzma,villain,SPECIES_JANGMO_O,Y
Guzma,villain,SPECIES_KANGASKHAN,Y
Guzma,villain,SPECIES_LITTEN,Y
Guzma,villain,SPECIES_NECROZMA,Y
Guzma,villain,SPECIES_NIHILEGO,Y
Guzma,villain,SPECIES_PHEROMOSA,Y
Guzma,villain,SPECIES_PICHU,Y
Guzma,villain,SPECIES_PINSIR,Y
Guzma,villain,SPECIES_POPPLIO,Y
Guzma,villain,SPECIES_SCYTHER,Y
Guzma,villain,SPECIES_SPINARAK,Y
Guzma,villain,SPECIES_SURSKIT,Y
Guzma,villain,SPECIES_TAPU_BULU,Y
Guzma,villain,SPECIES_TYPE_NULL,Y
Guzma,villain,SPECIES_WIMPOD,Y
Guzma,villain,SPECIES_XURKITREE,Y
Hala,gymleader,SPECIES_BUZZWOLE,Y
Hala,gymleader,SPECIES_COSMOG,Y
Hala,gymleader,SPECIES_CRABRAWLER,Y
Hala,gymleader,SPECIES_KARTANA,Y
Hala,gymleader,SPECIES_LITTEN,Y
Hala,gymleader,SPECIES_MACHOP,Y
Hala,gymleader,SPECIES_MAKUHITA,Y
Hala,gymleader,SPECIES_MANKEY,Y
Hala,gymleader,SPECIES_MEOWTH,Y
Hala,gymleader,SPECIES_MINIOR,Y
Hala,gymleader,SPECIES_PHEROMOSA,Y
Hala,gymleader,SPECIES_POLIWAG,Y
Hala,gymleader,SPECIES_POPPLIO,Y
Hala,gymleader,SPECIES_RATTATA,Y
Hala,gymleader,SPECIES_RIOLU,Y
Hala,gymleader,SPECIES_ROCKRUFF,Y
Hala,gymleader,SPECIES_ROWLET,Y
Hala,gymleader,SPECIES_SANDSHREW,Y
Hala,gymleader,SPECIES_SNEASEL,Y
Hala,gymleader,SPECIES_STUFFUL,Y
Hala,gymleader,SPECIES_TAPU_FINI,Y
Hala,gymleader,SPECIES_WIMPOD,Y
Hala,gymleader,SPECIES_YUNGOOS,Y
Hapu,gymleader,SPECIES_BLACEPHALON,Y
Hapu,gymleader,SPECIES_CORSOLA,Y
Hapu,gymleader,SPECIES_COSMOG,Y
Hapu,gymleader,SPECIES_CRABRAWLER,Y
Hapu,gymleader,SPECIES_DIGLETT,Y
Hapu,gymleader,SPECIES_GOLETT,Y
Hapu,gymleader,SPECIES_GRUBBIN,Y
Hapu,gymleader,SPECIES_MUDBRAY,Y
Hapu,gymleader,SPECIES_NECROZMA,Y
Hapu,gymleader,SPECIES_ORICORIO,Y
Hapu,gymleader,SPECIES_PICHU,Y
Hapu,gymleader,SPECIES_ROCKRUFF,Y
Hapu,gymleader,SPECIES_SANDILE,Y
Hapu,gymleader,SPECIES_SHELLOS,Y
Hapu,gymleader,SPECIES_TAPU_FINI,Y
Hapu,gymleader,SPECIES_TRAPINCH,Y
Hapu,gymleader,SPECIES_XURKITREE,Y
Hassel,elite4,SPECIES_APPLIN,Y
Hassel,elite4,SPECIES_AXEW,Y
Hassel,elite4,SPECIES_DRATINI,Y
Hassel,elite4,SPECIES_DURALUDON,Y
Hassel,elite4,SPECIES_FRIGIBAX,Y
Hassel,elite4,SPECIES_FUECOCO,Y
Hassel,elite4,SPECIES_GIBLE,Y
Hassel,elite4,SPECIES_NOIBAT,Y
Hassel,elite4,SPECIES_SKRELP,Y
Hassel,elite4,SPECIES_SMOLIV,Y
Hassel,elite4,SPECIES_TERAPAGOS,Y
Hau,champion,SPECIES_BLACEPHALON,Y
Hau,champion,SPECIES_BUZZWOLE,Y
Hau,champion,SPECIES_CELESTEELA,Y
Hau,champion,SPECIES_COSMOG,Y
Hau,champion,SPECIES_CRABRAWLER,Y
Hau,champion,SPECIES_EEVEE,Y
Hau,champion,SPECIES_EXEGGCUTE,Y
Hau,champion,SPECIES_GUZZLORD,Y
Hau,champion,SPECIES_KOMALA,Y
Hau,champion,SPECIES_LITTEN,Y
Hau,champion,SPECIES_MEOWTH,Y
Hau,champion,SPECIES_NECROZMA,Y
Hau,champion,SPECIES_NIHILEGO,Y
Hau,champion,SPECIES_NOIBAT,Y
Hau,champion,SPECIES_PHEROMOSA,Y
Hau,champion,SPECIES_PICHU,Y
Hau,champion,SPECIES_POPPLIO,Y
Hau,champion,SPECIES_PORYGON,Y
Hau,champion,SPECIES_ROWLET,Y
Hau,champion,SPECIES_STAKATAKA,Y
Hau,champion,SPECIES_TAPU_FINI,Y
Hau,champion,SPECIES_TAPU_KOKO,Y
Hau,champion,SPECIES_TAUROS,Y
Hau,champion,SPECIES_TYPE_NULL,Y
Hau,champion,SPECIES_YUNGOOS,Y
Hau,champion,SPECIES_ZUBAT,Y
Hilbert,protagonist,SPECIES_EEVEE,Y
Hilbert,protagonist,SPECIES_GENESECT,Y
Hilbert,protagonist,SPECIES_KYUREM,Y
Hilbert,protagonist,SPECIES_OSHAWOTT,Y
Hilbert,protagonist,SPECIES_POOCHYENA,Y
Hilbert,protagonist,SPECIES_RESHIRAM,Y
Hilbert,protagonist,SPECIES_THUNDURUS,Y
Hilbert,protagonist,SPECIES_ZEKROM,Y
Hilda,protagonist,SPECIES_CLOBBOPUS,Y
Hilda,protagonist,SPECIES_DIANCIE,Y
Hilda,protagonist,SPECIES_EEVEE,Y
Hilda,protagonist,SPECIES_IRON_LEAVES,Y
Hilda,protagonist,SPECIES_MIENFOO,Y
Hilda,protagonist,SPECIES_RESHIRAM,Y
Hilda,protagonist,SPECIES_TEPIG,Y
Hilda,protagonist,SPECIES_TORNADUS,Y
Hilda,protagonist,SPECIES_VICTINI,Y
Hilda,protagonist,SPECIES_ZEKROM,Y
Hop,rival,SPECIES_ARROKUDA,Y
Hop,rival,SPECIES_ARTICUNO,Y
Hop,rival,SPECIES_CHARMANDER,Y
Hop,rival,SPECIES_CRAMORANT,Y
Hop,rival,SPECIES_ETERNATUS,Y
Hop,rival,SPECIES_GROOKEY,Y
Hop,rival,SPECIES_HATENNA,Y
Hop,rival,SPECIES_MACHOP,Y
Hop,rival,SPECIES_MOLTRES,Y
Hop,rival,SPECIES_MUNCHLAX,Y
Hop,rival,SPECIES_PINCURCHIN,Y
Hop,rival,SPECIES_REGICE,Y
Hop,rival,SPECIES_REGIROCK,Y
Hop,rival,SPECIES_REGISTEEL,Y
Hop,rival,SPECIES_ROOKIDEE,Y
Hop,rival,SPECIES_SCORBUNNY,Y
Hop,rival,SPECIES_SOBBLE,Y
Hop,rival,SPECIES_WOOLOO,Y
Hop,rival,SPECIES_ZACIAN,Y
Hop,rival,SPECIES_ZAMAZENTA,Y
Hop,rival,SPECIES_ZAPDOS,Y
Hugh,rival,SPECIES_BOUFFALANT,Y
Hugh,rival,SPECIES_CROAGUNK,Y
Hugh,rival,SPECIES_DEERLING,Y
Hugh,rival,SPECIES_DEINO,Y
Hugh,rival,SPECIES_FOONGUS,Y
Hugh,rival,SPECIES_GRIMER,Y
Hugh,rival,SPECIES_GROWLITHE,Y
Hugh,rival,SPECIES_IGGLYBUFF,Y
Hugh,rival,SPECIES_KARRABLAST,Y
Hugh,rival,SPECIES_KLINK,Y
Hugh,rival,SPECIES_OSHAWOTT,Y
Hugh,rival,SPECIES_PANPOUR,Y
Hugh,rival,SPECIES_PANSAGE,Y
Hugh,rival,SPECIES_PANSEAR,Y
Hugh,rival,SPECIES_PIDOVE,Y
Hugh,rival,SPECIES_PURRLOIN,Y
Hugh,rival,SPECIES_SEVIPER,Y
Hugh,rival,SPECIES_SNIVY,Y
Hugh,rival,SPECIES_TEPIG,Y
Hugh,rival,SPECIES_TRAPINCH,Y
Hugh,rival,SPECIES_TYNAMO,Y
Iono,gymleader,SPECIES_CHARCADET,Y
Iono,gymleader,SPECIES_ELEKID,Y
Iono,gymleader,SPECIES_FLUTTER_MANE,Y
Iono,gymleader,SPECIES_MAGNEMITE,Y
Iono,gymleader,SPECIES_MISDREAVUS,Y
Iono,gymleader,SPECIES_PAWMI,Y
Iono,gymleader,SPECIES_PICHU,Y
Iono,gymleader,SPECIES_RAGING_BOLT,Y
Iono,gymleader,SPECIES_SHINX,Y
Iono,gymleader,SPECIES_SPRIGATITO,Y
Iono,gymleader,SPECIES_TADBULB,Y
Iono,gymleader,SPECIES_VOLTORB,Y
Iono,gymleader,SPECIES_WATTREL,Y
Iris,champion,SPECIES_ARCHEN,Y
Iris,champion,SPECIES_ARON,Y
Iris,champion,SPECIES_AXEW,Y
Iris,champion,SPECIES_BAGON,Y
Iris,champion,SPECIES_CRYOGONAL,Y
Iris,champion,SPECIES_DEINO,Y
Iris,champion,SPECIES_DRUDDIGON,Y
Iris,champion,SPECIES_JOLTIK,Y
Iris,champion,SPECIES_LAPRAS,Y
Iris,champion,SPECIES_POIPOLE,Y
Iris,champion,SPECIES_RUFFLET,Y
Iris,champion,SPECIES_TIRTOUGA,Y
Iris (anime),anime,SPECIES_AXEW,Y
Iris (anime),anime,SPECIES_CUBCHOO,Y
Iris (anime),anime,SPECIES_DEINO,Y
Iris (anime),anime,SPECIES_DRATINI,Y
Iris (anime),anime,SPECIES_DRILBUR,Y
Iris (anime),anime,SPECIES_DRUDDIGON,Y
Iris (anime),anime,SPECIES_EMOLGA,Y
Iris (anime),anime,SPECIES_GIBLE,Y
Iris (anime),anime,SPECIES_GOLETT,Y
Iris (anime),anime,SPECIES_MINCCINO,Y
Iris (anime),anime,SPECIES_PANSAGE,Y
Iris (anime),anime,SPECIES_PATRAT,Y
Iris (anime),anime,SPECIES_PICHU,Y
Iris (anime),anime,SPECIES_RAYQUAZA,Y
Iris (anime),anime,SPECIES_SAWK,Y
Iris (anime),anime,SPECIES_SNIVY,Y
Iris (anime),anime,SPECIES_SWABLU,Y
Iris (anime),anime,SPECIES_VANILLITE,Y
Iris (anime),anime,SPECIES_VENIPEDE,Y
Iris (anime),anime,SPECIES_VIRIZION,Y
Iris (anime),anime,SPECIES_WOOBAT,Y
Iris (anime),anime,SPECIES_YAMASK,Y
James,anime,SPECIES_BELLSPROUT,Y
James,anime,SPECIES_CACNEA,Y
James,anime,SPECIES_CARNIVINE,Y
James,anime,SPECIES_CARVANHA,Y
James,anime,SPECIES_CELEBI,Y
James,anime,SPECIES_CHARMANDER,Y
James,anime,SPECIES_CHIMCHAR,Y
James,anime,SPECIES_CHINGLING,Y
James,anime,SPECIES_CROAGUNK,Y
James,anime,SPECIES_DITTO,Y
James,anime,SPECIES_DRUDDIGON,Y
James,anime,SPECIES_EKANS,Y
James,anime,SPECIES_ETERNATUS,Y
James,anime,SPECIES_FOONGUS,Y
James,anime,SPECIES_GASTLY,Y
James,anime,SPECIES_HIPPOPOTAS,Y
James,anime,SPECIES_HOPPIP,Y
James,anime,SPECIES_INKAY,Y
James,anime,SPECIES_KOFFING,Y
James,anime,SPECIES_LARVITAR,Y
James,anime,SPECIES_LICKITUNG,Y
James,anime,SPECIES_MAGIKARP,Y
James,anime,SPECIES_MAREANIE,Y
James,anime,SPECIES_MEOWTH,Y
James,anime,SPECIES_MIMEJR,Y
James,anime,SPECIES_MIMIKYU,Y
James,anime,SPECIES_MORPEKO,Y
James,anime,SPECIES_NUMEL,Y
James,anime,SPECIES_ODDISH,Y
James,anime,SPECIES_PICHU,Y
James,anime,SPECIES_PIDGEY,Y
James,anime,SPECIES_POLIWAG,Y
James,anime,SPECIES_PUMPKABOO,Y
James,anime,SPECIES_RALTS,Y
James,anime,SPECIES_RATTATA,Y
James,anime,SPECIES_ROCKRUFF,Y
James,anime,SPECIES_SKORUPI,Y
James,anime,SPECIES_SNEASEL,Y
James,anime,SPECIES_SNUBBULL,Y
James,anime,SPECIES_STUFFUL,Y
James,anime,SPECIES_SWINUB,Y
James,anime,SPECIES_TAILLOW,Y
James,anime,SPECIES_TENTACOOL,Y
James,anime,SPECIES_TIRTOUGA,Y
James,anime,SPECIES_WURMPLE,Y
James,anime,SPECIES_WYNAUT,Y
James,anime,SPECIES_YANMA,Y
James,anime,SPECIES_ZUBAT,Y
James,anime,SPECIES_ZYGARDE,Y
Janine,gymleader,SPECIES_BUDEW,Y
Janine,gymleader,SPECIES_CHIKORITA,Y
Janine,gymleader,SPECIES_CROAGUNK,Y
Janine,gymleader,SPECIES_EEVEE,Y
Janine,gymleader,SPECIES_EKANS,Y
Janine,gymleader,SPECIES_GIRAFARIG,Y
Janine,gymleader,SPECIES_GLIGAR,Y
Janine,gymleader,SPECIES_GRIMER,Y
Janine,gymleader,SPECIES_HOOTHOOT,Y
Janine,gymleader,SPECIES_KOFFING,Y
Janine,gymleader,SPECIES_NIDORAN_F,Y
Janine,gymleader,SPECIES_PINECO,Y
Janine,gymleader,SPECIES_SKARMORY,Y
Janine,gymleader,SPECIES_SKORUPI,Y
Janine,gymleader,SPECIES_SPINARAK,Y
Janine,gymleader,SPECIES_STANTLER,Y
Janine,gymleader,SPECIES_SUICUNE,Y
Janine,gymleader,SPECIES_TENTACOOL,Y
Janine,gymleader,SPECIES_VENONAT,Y
Janine,gymleader,SPECIES_ZUBAT,Y
Jasmine,gymleader,SPECIES_BELDUM,Y
Jasmine,gymleader,SPECIES_BRONZOR,Y
Jasmine,gymleader,SPECIES_CELESTEELA,Y
Jasmine,gymleader,SPECIES_CHIMCHAR,Y
Jasmine,gymleader,SPECIES_CORSOLA,Y
Jasmine,gymleader,SPECIES_DRILBUR,Y
Jasmine,gymleader,SPECIES_FERROSEED,Y
Jasmine,gymleader,SPECIES_KLINK,Y
Jasmine,gymleader,SPECIES_KOFFING,Y
Jasmine,gymleader,SPECIES_MAGIKARP,Y
Jasmine,gymleader,SPECIES_MAGNEMITE,Y
Jasmine,gymleader,SPECIES_MANTYKE,Y
Jasmine,gymleader,SPECIES_MAREEP,Y
Jasmine,gymleader,SPECIES_MAWILE,Y
Jasmine,gymleader,SPECIES_ONIX,Y
Jasmine,gymleader,SPECIES_PICHU,Y
Jasmine,gymleader,SPECIES_PINECO,Y
Jasmine,gymleader,SPECIES_PIPLUP,Y
Jasmine,gymleader,SPECIES_PONYTA,Y
Jasmine,gymleader,SPECIES_RIOLU,Y
Jasmine,gymleader,SPECIES_SCYTHER,Y
Jasmine,gymleader,SPECIES_SKARMORY,Y
Jasmine,gymleader,SPECIES_SLOWPOKE,Y
Jasmine,gymleader,SPECIES_SQUIRTLE,Y
Jasmine,gymleader,SPECIES_STANTLER,Y
Jasmine,gymleader,SPECIES_TOGEPI,Y
Jasmine,gymleader,SPECIES_TOTODILE,Y
Jasmine,gymleader,SPECIES_WYNAUT,Y
Jessie,anime,SPECIES_AIPOM,Y
Jessie,anime,SPECIES_BUNEARY,Y
Jessie,anime,SPECIES_CACNEA,Y
Jessie,anime,SPECIES_CELEBI,Y
Jessie,anime,SPECIES_CHARMANDER,Y
Jessie,anime,SPECIES_CYNDAQUIL,Y
Jessie,anime,SPECIES_DITTO,Y
Jessie,anime,SPECIES_DRUDDIGON,Y
Jessie,anime,SPECIES_EKANS,Y
Jessie,anime,SPECIES_ETERNATUS,Y
Jessie,anime,SPECIES_FEEBAS,Y
Jessie,anime,SPECIES_FRILLISH,Y
Jessie,anime,SPECIES_GASTLY,Y
Jessie,anime,SPECIES_GLAMEOW,Y
Jessie,anime,SPECIES_HAPPINY,Y
Jessie,anime,SPECIES_HIPPOPOTAS,Y
Jessie,anime,SPECIES_IGGLYBUFF,Y
Jessie,anime,SPECIES_INKAY,Y
Jessie,anime,SPECIES_KOFFING,Y
Jessie,anime,SPECIES_LARVITAR,Y
Jessie,anime,SPECIES_LICKITUNG,Y
Jessie,anime,SPECIES_MAGIKARP,Y
Jessie,anime,SPECIES_MAREANIE,Y
Jessie,anime,SPECIES_MAWILE,Y
Jessie,anime,SPECIES_MEOWTH,Y
Jessie,anime,SPECIES_MEW,Y
Jessie,anime,SPECIES_MIMEJR,Y
Jessie,anime,SPECIES_MIMIKYU,Y
Jessie,anime,SPECIES_MISDREAVUS,Y
Jessie,anime,SPECIES_MUNCHLAX,Y
Jessie,anime,SPECIES_MURKROW,Y
Jessie,anime,SPECIES_ODDISH,Y
Jessie,anime,SPECIES_PACHIRISU,Y
Jessie,anime,SPECIES_PICHU,Y
Jessie,anime,SPECIES_PIDGEY,Y
Jessie,anime,SPECIES_PIPLUP,Y
Jessie,anime,SPECIES_PUMPKABOO,Y
Jessie,anime,SPECIES_RALTS,Y
Jessie,anime,SPECIES_RATTATA,Y
Jessie,anime,SPECIES_SEVIPER,Y
Jessie,anime,SPECIES_SKORUPI,Y
Jessie,anime,SPECIES_SMOOCHUM,Y
Jessie,anime,SPECIES_SNEASEL,Y
Jessie,anime,SPECIES_SNUBBULL,Y
Jessie,anime,SPECIES_STARYU,Y
Jessie,anime,SPECIES_STUFFUL,Y
Jessie,anime,SPECIES_TIRTOUGA,Y
Jessie,anime,SPECIES_TOGEPI,Y
Jessie,anime,SPECIES_TYROGUE,Y
Jessie,anime,SPECIES_WOOBAT,Y
Jessie,anime,SPECIES_WURMPLE,Y
Jessie,anime,SPECIES_WYNAUT,Y
Jessie,anime,SPECIES_YANMA,Y
Jessie,anime,SPECIES_ZUBAT,Y
Jessie,anime,SPECIES_ZYGARDE,Y
Juan,gymleader,SPECIES_AZURILL,Y
Juan,gymleader,SPECIES_BARBOACH,Y
Juan,gymleader,SPECIES_CHINCHOU,Y
Juan,gymleader,SPECIES_CHINGLING,Y
Juan,gymleader,SPECIES_CLAMPERL,Y
Juan,gymleader,SPECIES_CORPHISH,Y
Juan,gymleader,SPECIES_CORSOLA,Y
Juan,gymleader,SPECIES_FEEBAS,Y
Juan,gymleader,SPECIES_GOLDEEN,Y
Juan,gymleader,SPECIES_GROUDON,Y
Juan,gymleader,SPECIES_HORSEA,Y
Juan,gymleader,SPECIES_KYOGRE,Y
Juan,gymleader,SPECIES_LAPRAS,Y
Juan,gymleader,SPECIES_LUVDISC,Y
Juan,gymleader,SPECIES_POLIWAG,Y
Juan,gymleader,SPECIES_RELICANTH,Y
Juan,gymleader,SPECIES_SPHEAL,Y
Juan,gymleader,SPECIES_STARYU,Y
Juan,gymleader,SPECIES_SURSKIT,Y
Juan,gymleader,SPECIES_TENTACOOL,Y
Juan,gymleader,SPECIES_WAILMER,Y
Juan,gymleader,SPECIES_WINGULL,Y
Jupiter,villain,SPECIES_ARCEUS,Y
Jupiter,villain,SPECIES_AZELF,Y
Jupiter,villain,SPECIES_BRONZOR,Y
Jupiter,villain,SPECIES_CHIMCHAR,Y
Jupiter,villain,SPECIES_CROAGUNK,Y
Jupiter,villain,SPECIES_DIALGA,Y
Jupiter,villain,SPECIES_DRATINI,Y
Jupiter,villain,SPECIES_EEVEE,Y
Jupiter,villain,SPECIES_FEEBAS,Y
Jupiter,villain,SPECIES_GIBLE,Y
Jupiter,villain,SPECIES_GIRATINA,Y
Jupiter,villain,SPECIES_GLAMEOW,Y
Jupiter,villain,SPECIES_HEATRAN,Y
Jupiter,villain,SPECIES_MESPRIT,Y
Jupiter,villain,SPECIES_PALKIA,Y
Jupiter,villain,SPECIES_PIPLUP,Y
Jupiter,villain,SPECIES_RIOLU,Y
Jupiter,villain,SPECIES_SABLEYE,Y
Jupiter,villain,SPECIES_SHELLOS,Y
Jupiter,villain,SPECIES_STUNKY,Y
Jupiter,villain,SPECIES_TANGELA,Y
Jupiter,villain,SPECIES_UXIE,Y
Jupiter,villain,SPECIES_ZUBAT,Y
Kabu,gymleader,SPECIES_ARROKUDA,Y
Kabu,gymleader,SPECIES_ETERNATUS,Y
Kabu,gymleader,SPECIES_FEEBAS,Y
Kabu,gymleader,SPECIES_FUECOCO,Y
Kabu,gymleader,SPECIES_GROWLITHE,Y
Kabu,gymleader,SPECIES_LITWICK,Y
Kabu,gymleader,SPECIES_MOLTRES,Y
Kabu,gymleader,SPECIES_MORPEKO,Y
Kabu,gymleader,SPECIES_NUMEL,Y
Kabu,gymleader,SPECIES_ROLYCOLY,Y
Kabu,gymleader,SPECIES_SALANDIT,Y
Kabu,gymleader,SPECIES_SIZZLIPEDE,Y
Kabu,gymleader,SPECIES_SPRIGATITO,Y
Kabu,gymleader,SPECIES_TORKOAL,Y
Kabu,gymleader,SPECIES_VULPIX,Y
Kahili,elite4,SPECIES_BUZZWOLE,Y
Kahili,elite4,SPECIES_CELESTEELA,Y
Kahili,elite4,SPECIES_HAWLUCHA,Y
Kahili,elite4,SPECIES_KARTANA,Y
Kahili,elite4,SPECIES_LITTEN,Y
Kahili,elite4,SPECIES_ORICORIO,Y
Kahili,elite4,SPECIES_PIKIPEK,Y
Kahili,elite4,SPECIES_RUFFLET,Y
Kahili,elite4,SPECIES_SKARMORY,Y
Kahili,elite4,SPECIES_TAPU_BULU,Y
Kahili,elite4,SPECIES_TAPU_FINI,Y
Kahili,elite4,SPECIES_TAPU_LELE,Y
Kahili,elite4,SPECIES_TYPE_NULL,Y
Kahili,elite4,SPECIES_VULLABY,Y
Kahili,elite4,SPECIES_ZUBAT,Y
Karen,elite4,SPECIES_ABSOL,Y
Karen,elite4,SPECIES_ARTICUNO,Y
Karen,elite4,SPECIES_BELLSPROUT,Y
Karen,elite4,SPECIES_CELEBI,Y
Karen,elite4,SPECIES_CLEFFA,Y
Karen,elite4,SPECIES_EEVEE,Y
Karen,elite4,SPECIES_GASTLY,Y
Karen,elite4,SPECIES_HOUNDOUR,Y
Karen,elite4,SPECIES_HO_OH,Y
Karen,elite4,SPECIES_LUGIA,Y
Karen,elite4,SPECIES_MAGBY,Y
Karen,elite4,SPECIES_MEOWTH,Y
Karen,elite4,SPECIES_MISDREAVUS,Y
Karen,elite4,SPECIES_MOLTRES,Y
Karen,elite4,SPECIES_MURKROW,Y
Karen,elite4,SPECIES_ODDISH,Y
Karen,elite4,SPECIES_SLOWPOKE,Y
Karen,elite4,SPECIES_SNEASEL,Y
Karen,elite4,SPECIES_SNUBBULL,Y
Karen,elite4,SPECIES_SPIRITOMB,Y
Karen,elite4,SPECIES_TOTODILE,Y
Karen,elite4,SPECIES_VOLTORB,Y
Karen,elite4,SPECIES_ZAPDOS,Y
Katy,gymleader,SPECIES_CLODSIRE,Y
Katy,gymleader,SPECIES_COMBEE,Y
Katy,gymleader,SPECIES_DEWPIDER,Y
Katy,gymleader,SPECIES_DIGLETT,Y
Katy,gymleader,SPECIES_HERACROSS,Y
Katy,gymleader,SPECIES_NYMBLE,Y
Katy,gymleader,SPECIES_PICHU,Y
Katy,gymleader,SPECIES_PINECO,Y
Katy,gymleader,SPECIES_SPRIGATITO,Y
Katy,gymleader,SPECIES_TAROUNTULA,Y
Katy,gymleader,SPECIES_TEDDIURSA,Y
Kiawe (anime),anime,SPECIES_CHARMANDER,Y
Kiawe (anime),anime,SPECIES_CORPHISH,Y
Kiawe (anime),anime,SPECIES_COSMOG,Y
Kiawe (anime),anime,SPECIES_CUBONE,Y
Kiawe (anime),anime,SPECIES_ELEKID,Y
Kiawe (anime),anime,SPECIES_GASTLY,Y
Kiawe (anime),anime,SPECIES_GRUBBIN,Y
Kiawe (anime),anime,SPECIES_LILLIPUP,Y
Kiawe (anime),anime,SPECIES_MANTYKE,Y
Kiawe (anime),anime,SPECIES_NECROZMA,Y
Kiawe (anime),anime,SPECIES_ONIX,Y
Kiawe (anime),anime,SPECIES_POPPLIO,Y
Kiawe (anime),anime,SPECIES_ROCKRUFF,Y
Kiawe (anime),anime,SPECIES_SALANDIT,Y
Kiawe (anime),anime,SPECIES_SCORBUNNY,Y
Kiawe (anime),anime,SPECIES_TAUROS,Y
Kiawe (anime),anime,SPECIES_TURTONATOR,Y
Kiawe (anime),anime,SPECIES_TYPE_NULL,Y
Kiawe (anime),anime,SPECIES_WAILMER,Y
Kiawe (anime),anime,SPECIES_YUNGOOS,Y
Kiawe (anime),anime,SPECIES_ZUBAT,Y
Kofu,gymleader,SPECIES_CLAUNCHER,Y
Kofu,gymleader,SPECIES_CRABRAWLER,Y
Kofu,gymleader,SPECIES_GREAT_TUSK,Y
Kofu,gymleader,SPECIES_HATENNA,Y
Kofu,gymleader,SPECIES_IRON_TREADS,Y
Kofu,gymleader,SPECIES_SHROOMISH,Y
Kofu,gymleader,SPECIES_SNORUNT,Y
Kofu,gymleader,SPECIES_TOTODILE,Y
Kofu,gymleader,SPECIES_VELUZA,Y
Kofu,gymleader,SPECIES_WIGLETT,Y
Kofu,gymleader,SPECIES_WINGULL,Y
Koga,elite4,SPECIES_ARTICUNO,Y
Koga,elite4,SPECIES_CHARMANDER,Y
Koga,elite4,SPECIES_CHINCHOU,Y
Koga,elite4,SPECIES_CLEFFA,Y
Koga,elite4,SPECIES_CROAGUNK,Y
Koga,elite4,SPECIES_CUBONE,Y
Koga,elite4,SPECIES_DITTO,Y
Koga,elite4,SPECIES_DRATINI,Y
Koga,elite4,SPECIES_DROWZEE,Y
Koga,elite4,SPECIES_EKANS,Y
Koga,elite4,SPECIES_GASTLY,Y
Koga,elite4,SPECIES_GLIGAR,Y
Koga,elite4,SPECIES_GRIMER,Y
Koga,elite4,SPECIES_GULPIN,Y
Koga,elite4,SPECIES_HAPPINY,Y
Koga,elite4,SPECIES_KOFFING,Y
Koga,elite4,SPECIES_LAPRAS,Y
Koga,elite4,SPECIES_MAGBY,Y
Koga,elite4,SPECIES_MOLTRES,Y
Koga,elite4,SPECIES_NIDORAN_F,Y
Koga,elite4,SPECIES_NIDORAN_M,Y
Koga,elite4,SPECIES_PARAS,Y
Koga,elite4,SPECIES_PICHU,Y
Koga,elite4,SPECIES_PIDGEY,Y
Koga,elite4,SPECIES_PINECO,Y
Koga,elite4,SPECIES_PSYDUCK,Y
Koga,elite4,SPECIES_RHYHORN,Y
Koga,elite4,SPECIES_SCYTHER,Y
Koga,elite4,SPECIES_SPINARAK,Y
Koga,elite4,SPECIES_STANTLER,Y
Koga,elite4,SPECIES_STUNKY,Y
Koga,elite4,SPECIES_TANGELA,Y
Koga,elite4,SPECIES_TENTACOOL,Y
Koga,elite4,SPECIES_VENONAT,Y
Koga,elite4,SPECIES_VOLTORB,Y
Koga,elite4,SPECIES_VULPIX,Y
Koga,elite4,SPECIES_ZAPDOS,Y
Koga,elite4,SPECIES_ZUBAT,Y
Korrina,gymleader,SPECIES_ABSOL,Y
Korrina,gymleader,SPECIES_CHESPIN,Y
Korrina,gymleader,SPECIES_CRABRAWLER,Y
Korrina,gymleader,SPECIES_FARFETCHD_GALARIAN,Y
Korrina,gymleader,SPECIES_HAWLUCHA,Y
Korrina,gymleader,SPECIES_HONEDGE,Y
Korrina,gymleader,SPECIES_MACHOP,Y
Korrina,gymleader,SPECIES_MARSHADOW,Y
Korrina,gymleader,SPECIES_MEDITITE,Y
Korrina,gymleader,SPECIES_MIENFOO,Y
Korrina,gymleader,SPECIES_PHANTUMP,Y
Korrina,gymleader,SPECIES_RALTS,Y
Korrina,gymleader,SPECIES_RIOLU,Y
Korrina,gymleader,SPECIES_YVELTAL,Y
Kris,protagonist,SPECIES_BONSLY,Y
Kris,protagonist,SPECIES_CHIKORITA,Y
Kris,protagonist,SPECIES_CYNDAQUIL,Y
Kris,protagonist,SPECIES_EEVEE,Y
Kris,protagonist,SPECIES_ENTEI,Y
Kris,protagonist,SPECIES_FARFETCHD,Y
Kris,protagonist,SPECIES_HO_OH,Y
Kris,protagonist,SPECIES_IGGLYBUFF,Y
Kris,protagonist,SPECIES_MAGIKARP,Y
Kris,protagonist,SPECIES_MAREEP,Y
Kris,protagonist,SPECIES_MUNCHLAX,Y
Kris,protagonist,SPECIES_RAIKOU,Y
Kris,protagonist,SPECIES_SLOWPOKE,Y
Kris,protagonist,SPECIES_SUICUNE,Y
Kris,protagonist,SPECIES_TOTODILE,Y
Kris,protagonist,SPECIES_VOLTORB,Y
Kukui,champion,SPECIES_BRUXISH,Y
Kukui,champion,SPECIES_CELESTEELA,Y
Kukui,champion,SPECIES_COSMOG,Y
Kukui,champion,SPECIES_DRAMPA,Y
Kukui,champion,SPECIES_FOMANTIS,Y
Kukui,champion,SPECIES_GRUBBIN,Y
Kukui,champion,SPECIES_GUZZLORD,Y
Kukui,champion,SPECIES_LITTEN,Y
Kukui,champion,SPECIES_MAGNEMITE,Y
Kukui,champion,SPECIES_MUNCHLAX,Y
Kukui,champion,SPECIES_PICHU,Y
Kukui,champion,SPECIES_PIKIPEK,Y
Kukui,champion,SPECIES_POPPLIO,Y
Kukui,champion,SPECIES_ROCKRUFF,Y
Kukui,champion,SPECIES_ROTOM,Y
Kukui,champion,SPECIES_ROWLET,Y
Kukui,champion,SPECIES_RUFFLET,Y
Kukui,champion,SPECIES_TAPU_BULU,Y
Kukui,champion,SPECIES_TAPU_KOKO,Y
Kukui,champion,SPECIES_TYPE_NULL,Y
Kukui,champion,SPECIES_VULPIX,Y
Lana (anime),anime,SPECIES_BLACEPHALON,Y
Lana (anime),anime,SPECIES_BOUNSWEET,Y
Lana (anime),anime,SPECIES_COSMOG,Y
Lana (anime),anime,SPECIES_DEWPIDER,Y
Lana (anime),anime,SPECIES_DHELMISE,Y
Lana (anime),anime,SPECIES_DRAMPA,Y
Lana (anime),anime,SPECIES_DRATINI,Y
Lana (anime),anime,SPECIES_EEVEE,Y
Lana (anime),anime,SPECIES_FEEBAS,Y
Lana (anime),anime,SPECIES_KYOGRE,Y
Lana (anime),anime,SPECIES_LAPRAS,Y
Lana (anime),anime,SPECIES_LILLIPUP,Y
Lana (anime),anime,SPECIES_LITTEN,Y
Lana (anime),anime,SPECIES_MANAPHY,Y
Lana (anime),anime,SPECIES_MANTYKE,Y
Lana (anime),anime,SPECIES_MINIOR,Y
Lana (anime),anime,SPECIES_MISDREAVUS,Y
Lana (anime),anime,SPECIES_MUNCHLAX,Y
Lana (anime),anime,SPECIES_NECROZMA,Y
Lana (anime),anime,SPECIES_NIHILEGO,Y
Lana (anime),anime,SPECIES_PETILIL,Y
Lana (anime),anime,SPECIES_POPPLIO,Y
Lana (anime),anime,SPECIES_SURSKIT,Y
Lana (anime),anime,SPECIES_TAUROS,Y
Lana (anime),anime,SPECIES_TOGEDEMARU,Y
Lana (anime),anime,SPECIES_TRUBBISH,Y
Lana (anime),anime,SPECIES_TURTONATOR,Y
Lana (anime),anime,SPECIES_WAILMER,Y
Lana (anime),anime,SPECIES_WIMPOD,Y
Lana (anime),anime,SPECIES_WISHIWASHI,Y
Lana (anime),anime,SPECIES_XURKITREE,Y
Lance,champion,SPECIES_AERODACTYL,Y
Lance,champion,SPECIES_ARCEUS,Y
Lance,champion,SPECIES_AXEW,Y
Lance,champion,SPECIES_BAGON,Y
Lance,champion,SPECIES_CHARMANDER,Y
Lance,champion,SPECIES_CLEFFA,Y
Lance,champion,SPECIES_DEINO,Y
Lance,champion,SPECIES_DRATINI,Y
Lance,champion,SPECIES_ELEKID,Y
Lance,champion,SPECIES_ENTEI,Y
Lance,champion,SPECIES_EXEGGCUTE,Y
Lance,champion,SPECIES_GIBLE,Y
Lance,champion,SPECIES_GROWLITHE,Y
Lance,champion,SPECIES_HORSEA,Y
Lance,champion,SPECIES_KANGASKHAN,Y
Lance,champion,SPECIES_LAPRAS,Y
Lance,champion,SPECIES_LARVITAR,Y
Lance,champion,SPECIES_LUGIA,Y
Lance,champion,SPECIES_MAGIKARP,Y
Lance,champion,SPECIES_MUNCHLAX,Y
Lance,champion,SPECIES_ONIX,Y
Lance,champion,SPECIES_RAIKOU,Y
Lance,champion,SPECIES_RHYHORN,Y
Lance,champion,SPECIES_SNEASEL,Y
Lance,champion,SPECIES_SQUIRTLE,Y
Lance,champion,SPECIES_SUICUNE,Y
Lance,champion,SPECIES_SWABLU,Y
Lance,champion,SPECIES_TOTODILE,Y
Lance,champion,SPECIES_TRAPINCH,Y
Larry,gymleader,SPECIES_CLODSIRE,Y
Larry,gymleader,SPECIES_DUNSPARCE,Y
Larry,gymleader,SPECIES_FLAMIGO,Y
Larry,gymleader,SPECIES_GREAVARD,Y
Larry,gymleader,SPECIES_KOMALA,Y
Larry,gymleader,SPECIES_LECHONK,Y
Larry,gymleader,SPECIES_NYMBLE,Y
Larry,gymleader,SPECIES_ORICORIO,Y
Larry,gymleader,SPECIES_QUAXLY,Y
Larry,gymleader,SPECIES_RUFFLET,Y
Larry,gymleader,SPECIES_SMOLIV,Y
Larry,gymleader,SPECIES_SNORUNT,Y
Larry,gymleader,SPECIES_STARLY,Y
Larry,gymleader,SPECIES_SWABLU,Y
Larry,gymleader,SPECIES_TAUROS,Y
Larry,gymleader,SPECIES_TINKATINK,Y
Larry,gymleader,SPECIES_TROPIUS,Y
Leaf,protagonist,SPECIES_BULBASAUR,Y
Leaf,protagonist,SPECIES_CHARMANDER,Y
Leaf,protagonist,SPECIES_CLEFFA,Y
Leaf,protagonist,SPECIES_EEVEE,Y
Leaf,protagonist,SPECIES_GROUDON,Y
Leaf,protagonist,SPECIES_MOLTRES,Y
Leaf,protagonist,SPECIES_PICHU,Y
Leaf,protagonist,SPECIES_SQUIRTLE,Y
Lenora,gymleader,SPECIES_AUDINO,Y
Lenora,gymleader,SPECIES_CLEFFA,Y
Lenora,gymleader,SPECIES_DEERLING,Y
Lenora,gymleader,SPECIES_DUNSPARCE,Y
Lenora,gymleader,SPECIES_GOTHITA,Y
Lenora,gymleader,SPECIES_KANGASKHAN,Y
Lenora,gymleader,SPECIES_LICKITUNG,Y
Lenora,gymleader,SPECIES_LILLIPUP,Y
Lenora,gymleader,SPECIES_MINCCINO,Y
Lenora,gymleader,SPECIES_OSHAWOTT,Y
Lenora,gymleader,SPECIES_PATRAT,Y
Lenora,gymleader,SPECIES_RUFFLET,Y
Lenora,gymleader,SPECIES_SANDILE,Y
Lenora,gymleader,SPECIES_YAMASK,Y
Leon,champion,SPECIES_AXEW,Y
Leon,champion,SPECIES_CALYREX,Y
Leon,champion,SPECIES_CHARMANDER,Y
Leon,champion,SPECIES_DREEPY,Y
Leon,champion,SPECIES_DURALUDON,Y
Leon,champion,SPECIES_ETERNATUS,Y
Leon,champion,SPECIES_GOOMY,Y
Leon,champion,SPECIES_GROOKEY,Y
Leon,champion,SPECIES_HONEDGE,Y
Leon,champion,SPECIES_MACHOP,Y
Leon,champion,SPECIES_MIMEJR,Y
Leon,champion,SPECIES_RHYHORN,Y
Leon,champion,SPECIES_ROOKIDEE,Y
Leon,champion,SPECIES_SCORBUNNY,Y
Leon,champion,SPECIES_SOBBLE,Y
Leon,champion,SPECIES_TRAPINCH,Y
Leon,champion,SPECIES_TYMPOLE,Y
Leon,champion,SPECIES_WOOLOO,Y
Leon,champion,SPECIES_ZACIAN,Y
Leon,champion,SPECIES_ZAMAZENTA,Y
Leon,champion,SPECIES_ZIGZAGOON_GALARIAN,Y
Lillie (anime),anime,SPECIES_BOUNSWEET,Y
Lillie (anime),anime,SPECIES_CATERPIE,Y
Lillie (anime),anime,SPECIES_CLEFFA,Y
Lillie (anime),anime,SPECIES_COSMOG,Y
Lillie (anime),anime,SPECIES_EEVEE,Y
Lillie (anime),anime,SPECIES_GEODUDE,Y
Lillie (anime),anime,SPECIES_GRUBBIN,Y
Lillie (anime),anime,SPECIES_JANGMO_O,Y
Lillie (anime),anime,SPECIES_LAPRAS,Y
Lillie (anime),anime,SPECIES_LARVITAR,Y
Lillie (anime),anime,SPECIES_LILLIPUP,Y
Lillie (anime),anime,SPECIES_MAGEARNA,Y
Lillie (anime),anime,SPECIES_MANTYKE,Y
Lillie (anime),anime,SPECIES_MAREANIE,Y
Lillie (anime),anime,SPECIES_MUDBRAY,Y
Lillie (anime),anime,SPECIES_MUNCHLAX,Y
Lillie (anime),anime,SPECIES_NECROZMA,Y
Lillie (anime),anime,SPECIES_NIHILEGO,Y
Lillie (anime),anime,SPECIES_ORICORIO,Y
Lillie (anime),anime,SPECIES_PICHU,Y
Lillie (anime),anime,SPECIES_ROCKRUFF,Y
Lillie (anime),anime,SPECIES_SALANDIT,Y
Lillie (anime),anime,SPECIES_SANDSHREW,Y
Lillie (anime),anime,SPECIES_SWABLU,Y
Lillie (anime),anime,SPECIES_TAUROS,Y
Lillie (anime),anime,SPECIES_TYPE_NULL,Y
Lillie (anime),anime,SPECIES_VULPIX,Y
Lillie (anime),anime,SPECIES_ZORUA,Y
Liza,gymleader,SPECIES_BALTOY,Y
Liza,gymleader,SPECIES_BRONZOR,Y
Liza,gymleader,SPECIES_CELESTEELA,Y
Liza,gymleader,SPECIES_CHINGLING,Y
Liza,gymleader,SPECIES_CORPHISH,Y
Liza,gymleader,SPECIES_DROWZEE,Y
Liza,gymleader,SPECIES_GOTHITA,Y
Liza,gymleader,SPECIES_GROUDON,Y
Liza,gymleader,SPECIES_JIRACHI,Y
Liza,gymleader,SPECIES_KYOGRE,Y
Liza,gymleader,SPECIES_LUNATONE,Y
Liza,gymleader,SPECIES_NATU,Y
Liza,gymleader,SPECIES_PICHU,Y
Liza,gymleader,SPECIES_RALTS,Y
Liza,gymleader,SPECIES_SLOWPOKE,Y
Liza,gymleader,SPECIES_SOLOSIS,Y
Liza,gymleader,SPECIES_SOLROCK,Y
Liza,gymleader,SPECIES_SPOINK,Y
Liza,gymleader,SPECIES_TORCHIC,Y
Lorelei,elite4,SPECIES_ABRA,Y
Lorelei,elite4,SPECIES_ARTICUNO,Y
Lorelei,elite4,SPECIES_CHARMANDER,Y
Lorelei,elite4,SPECIES_CUBONE,Y
Lorelei,elite4,SPECIES_EEVEE,Y
Lorelei,elite4,SPECIES_EXEGGCUTE,Y
Lorelei,elite4,SPECIES_GASTLY,Y
Lorelei,elite4,SPECIES_IGGLYBUFF,Y
Lorelei,elite4,SPECIES_LAPRAS,Y
Lorelei,elite4,SPECIES_MACHOP,Y
Lorelei,elite4,SPECIES_OMANYTE,Y
Lorelei,elite4,SPECIES_PICHU,Y
Lorelei,elite4,SPECIES_SANDSHREW,Y
Lorelei,elite4,SPECIES_SEEL,Y
Lorelei,elite4,SPECIES_SHELLDER,Y
Lorelei,elite4,SPECIES_SLOWPOKE,Y
Lorelei,elite4,SPECIES_SMOOCHUM,Y
Lorelei,elite4,SPECIES_STARYU,Y
Lorelei,elite4,SPECIES_SWINUB,Y
Lorelei,elite4,SPECIES_TOGEPI,Y
Lorelei,elite4,SPECIES_UNOWN,Y
Lt. Surge,gymleader,SPECIES_ABRA,Y
Lt. Surge,gymleader,SPECIES_BELLSPROUT,Y
Lt. Surge,gymleader,SPECIES_CHARMANDER,Y
Lt. Surge,gymleader,SPECIES_CHINCHOU,Y
Lt. Surge,gymleader,SPECIES_CLEFFA,Y
Lt. Surge,gymleader,SPECIES_DODUO,Y
Lt. Surge,gymleader,SPECIES_EEVEE,Y
Lt. Surge,gymleader,SPECIES_ELECTRIKE,Y
Lt. Surge,gymleader,SPECIES_ELEKID,Y
Lt. Surge,gymleader,SPECIES_EXEGGCUTE,Y
Lt. Surge,gymleader,SPECIES_GASTLY,Y
Lt. Surge,gymleader,SPECIES_HORSEA,Y
Lt. Surge,gymleader,SPECIES_HOUNDOUR,Y
Lt. Surge,gymleader,SPECIES_KRABBY,Y
Lt. Surge,gymleader,SPECIES_LICKITUNG,Y
Lt. Surge,gymleader,SPECIES_MAGIKARP,Y
Lt. Surge,gymleader,SPECIES_MAGNEMITE,Y
Lt. Surge,gymleader,SPECIES_MAREEP,Y
Lt. Surge,gymleader,SPECIES_MISDREAVUS,Y
Lt. Surge,gymleader,SPECIES_ONIX,Y
Lt. Surge,gymleader,SPECIES_PACHIRISU,Y
Lt. Surge,gymleader,SPECIES_PICHU,Y
Lt. Surge,gymleader,SPECIES_POLIWAG,Y
Lt. Surge,gymleader,SPECIES_PORYGON,Y
Lt. Surge,gymleader,SPECIES_RAIKOU,Y
Lt. Surge,gymleader,SPECIES_SEEL,Y
Lt. Surge,gymleader,SPECIES_TANGELA,Y
Lt. Surge,gymleader,SPECIES_VOLTORB,Y
Lt. Surge,gymleader,SPECIES_WOOPER,Y
Lt. Surge,gymleader,SPECIES_ZAPDOS,Y
Lucas,protagonist,SPECIES_ABRA,Y
Lucas,protagonist,SPECIES_ABSOL,Y
Lucas,protagonist,SPECIES_BIDOOF,Y
Lucas,protagonist,SPECIES_BURMY,Y
Lucas,protagonist,SPECIES_CHIMCHAR,Y
Lucas,protagonist,SPECIES_CLEFFA,Y
Lucas,protagonist,SPECIES_CRANIDOS,Y
Lucas,protagonist,SPECIES_DIALGA,Y
Lucas,protagonist,SPECIES_DUNSPARCE,Y
Lucas,protagonist,SPECIES_DUSKULL,Y
Lucas,protagonist,SPECIES_EEVEE,Y
Lucas,protagonist,SPECIES_FEEBAS,Y
Lucas,protagonist,SPECIES_GLAMEOW,Y
Lucas,protagonist,SPECIES_GLIGAR,Y
Lucas,protagonist,SPECIES_KABUTO,Y
Lucas,protagonist,SPECIES_LILEEP,Y
Lucas,protagonist,SPECIES_MAGBY,Y
Lucas,protagonist,SPECIES_PALKIA,Y
Lucas,protagonist,SPECIES_PIPLUP,Y
Lucas,protagonist,SPECIES_PORYGON,Y
Lucas,protagonist,SPECIES_RALTS,Y
Lucas,protagonist,SPECIES_RHYHORN,Y
Lucas,protagonist,SPECIES_ROTOM,Y
Lucas,protagonist,SPECIES_STARLY,Y
Lucas,protagonist,SPECIES_TANGELA,Y
Lucas,protagonist,SPECIES_TAUROS,Y
Lucas,protagonist,SPECIES_TURTWIG,Y
Lucian,elite4,SPECIES_ABRA,Y
Lucian,elite4,SPECIES_BRONZOR,Y
Lucian,elite4,SPECIES_BUIZEL,Y
Lucian,elite4,SPECIES_CARNIVINE,Y
Lucian,elite4,SPECIES_EEVEE,Y
Lucian,elite4,SPECIES_GIBLE,Y
Lucian,elite4,SPECIES_GIRAFARIG,Y
Lucian,elite4,SPECIES_MEDITITE,Y
Lucian,elite4,SPECIES_MIMEJR,Y
Lucian,elite4,SPECIES_RALTS,Y
Lucian,elite4,SPECIES_SCYTHER,Y
Lucian,elite4,SPECIES_SLOWPOKE,Y
Lucian,elite4,SPECIES_WURMPLE,Y
Lusamine,villain,SPECIES_BLACEPHALON,Y
Lusamine,villain,SPECIES_BUNEARY,Y
Lusamine,villain,SPECIES_BUZZWOLE,Y
Lusamine,villain,SPECIES_CELESTEELA,Y
Lusamine,villain,SPECIES_CLEFFA,Y
Lusamine,villain,SPECIES_COSMOG,Y
Lusamine,villain,SPECIES_FEEBAS,Y
Lusamine,villain,SPECIES_GUZZLORD,Y
Lusamine,villain,SPECIES_KARTANA,Y
Lusamine,villain,SPECIES_MISDREAVUS,Y
Lusamine,villain,SPECIES_MUDBRAY,Y
Lusamine,villain,SPECIES_NECROZMA,Y
Lusamine,villain,SPECIES_NIHILEGO,Y
Lusamine,villain,SPECIES_PETILIL,Y
Lusamine,villain,SPECIES_PHEROMOSA,Y
Lusamine,villain,SPECIES_POIPOLE,Y
Lusamine,villain,SPECIES_STAKATAKA,Y
Lusamine,villain,SPECIES_STUFFUL,Y
Lusamine,villain,SPECIES_TYPE_NULL,Y
Lusamine,villain,SPECIES_XURKITREE,Y
Lyra,protagonist,SPECIES_AZURILL,Y
Lyra,protagonist,SPECIES_CELEBI,Y
Lyra,protagonist,SPECIES_CHIKORITA,Y
Lyra,protagonist,SPECIES_EEVEE,Y
Lyra,protagonist,SPECIES_ENTEI,Y
Lyra,protagonist,SPECIES_IGGLYBUFF,Y
Lyra,protagonist,SPECIES_PHANPY,Y
Lyra,protagonist,SPECIES_RATTATA,Y
Lyra,protagonist,SPECIES_SENTRET,Y
Lysandre,villain,SPECIES_BINACLE,Y
Lysandre,villain,SPECIES_CHARMANDER,Y
Lysandre,villain,SPECIES_CHESPIN,Y
Lysandre,villain,SPECIES_FLABEBE,Y
Lysandre,villain,SPECIES_FROAKIE,Y
Lysandre,villain,SPECIES_LITLEO,Y
Lysandre,villain,SPECIES_MAGIKARP,Y
Lysandre,villain,SPECIES_MIENFOO,Y
Lysandre,villain,SPECIES_MURKROW,Y
Lysandre,villain,SPECIES_NOIBAT,Y
Lysandre,villain,SPECIES_RALTS,Y
Lysandre,villain,SPECIES_SABLEYE,Y
Lysandre,villain,SPECIES_SHUPPET,Y
Lysandre,villain,SPECIES_SQUIRTLE,Y
Lysandre,villain,SPECIES_TRUBBISH,Y
Lysandre,villain,SPECIES_VOLCANION,Y
Lysandre,villain,SPECIES_XERNEAS,Y
Lysandre,villain,SPECIES_YVELTAL,Y
Lysandre,villain,SPECIES_ZYGARDE,Y
Mallow (anime),anime,SPECIES_BOUNSWEET,Y
Mallow (anime),anime,SPECIES_BUZZWOLE,Y
Mallow (anime),anime,SPECIES_DRAMPA,Y
Mallow (anime),anime,SPECIES_FEEBAS,Y
Mallow (anime),anime,SPECIES_LAPRAS,Y
Mallow (anime),anime,SPECIES_LILLIPUP,Y
Mallow (anime),anime,SPECIES_LITTEN,Y
Mallow (anime),anime,SPECIES_MAGEARNA,Y
Mallow (anime),anime,SPECIES_MANTYKE,Y
Mallow (anime),anime,SPECIES_MISDREAVUS,Y
Mallow (anime),anime,SPECIES_NECROZMA,Y
Mallow (anime),anime,SPECIES_ORANGURU,Y
Mallow (anime),anime,SPECIES_ORICORIO,Y
Mallow (anime),anime,SPECIES_PETILIL,Y
Mallow (anime),anime,SPECIES_PICHU,Y
Mallow (anime),anime,SPECIES_POPPLIO,Y
Mallow (anime),anime,SPECIES_SHAYMIN,Y
Mallow (anime),anime,SPECIES_TAUROS,Y
Mallow (anime),anime,SPECIES_TOGEDEMARU,Y
Mallow (anime),anime,SPECIES_TRAPINCH,Y
Malva,elite4,SPECIES_CHARMANDER,Y
Malva,elite4,SPECIES_ELECTRIKE,Y
Malva,elite4,SPECIES_FENNEKIN,Y
Malva,elite4,SPECIES_FLETCHLING,Y
Malva,elite4,SPECIES_FURFROU,Y
Malva,elite4,SPECIES_HONEDGE,Y
Malva,elite4,SPECIES_HOUNDOUR,Y
Malva,elite4,SPECIES_LITLEO,Y
Malva,elite4,SPECIES_LITWICK,Y
Malva,elite4,SPECIES_MAGIKARP,Y
Malva,elite4,SPECIES_RALTS,Y
Malva,elite4,SPECIES_TORKOAL,Y
Malva,elite4,SPECIES_XERNEAS,Y
Malva,elite4,SPECIES_YVELTAL,Y
Malva,elite4,SPECIES_ZYGARDE,Y
Marlon,gymleader,SPECIES_ALOMOMOLA,Y
Marlon,gymleader,SPECIES_ELGYEM,Y
Marlon,gymleader,SPECIES_FERROSEED,Y
Marlon,gymleader,SPECIES_FRILLISH,Y
Marlon,gymleader,SPECIES_MANTYKE,Y
Marlon,gymleader,SPECIES_OSHAWOTT,Y
Marlon,gymleader,SPECIES_SHELLDER,Y
Marlon,gymleader,SPECIES_STARYU,Y
Marlon,gymleader,SPECIES_TIRTOUGA,Y
Marlon,gymleader,SPECIES_WAILMER,Y
Marlon,gymleader,SPECIES_WOOPER,Y
Marnie,rival,SPECIES_ARTICUNO,Y
Marnie,rival,SPECIES_CROAGUNK,Y
Marnie,rival,SPECIES_CUFANT,Y
Marnie,rival,SPECIES_CYCLIZAR,Y
Marnie,rival,SPECIES_DRACOVISH,Y
Marnie,rival,SPECIES_ETERNATUS,Y
Marnie,rival,SPECIES_IMPIDIMP,Y
Marnie,rival,SPECIES_MAWILE,Y
Marnie,rival,SPECIES_MOLTRES,Y
Marnie,rival,SPECIES_MORPEKO,Y
Marnie,rival,SPECIES_PURRLOIN,Y
Marnie,rival,SPECIES_REGICE,Y
Marnie,rival,SPECIES_REGIROCK,Y
Marnie,rival,SPECIES_REGISTEEL,Y
Marnie,rival,SPECIES_ROLYCOLY,Y
Marnie,rival,SPECIES_SCORBUNNY,Y
Marnie,rival,SPECIES_SCRAGGY,Y
Marnie,rival,SPECIES_WOOLOO,Y
Marnie,rival,SPECIES_ZACIAN,Y
Marnie,rival,SPECIES_ZAMAZENTA,Y
Marnie,rival,SPECIES_ZAPDOS,Y
Mars,villain,SPECIES_ARCEUS,Y
Mars,villain,SPECIES_AZELF,Y
Mars,villain,SPECIES_BRONZOR,Y
Mars,villain,SPECIES_CHIMCHAR,Y
Mars,villain,SPECIES_CLEFFA,Y
Mars,villain,SPECIES_DEOXYS,Y
Mars,villain,SPECIES_DIALGA,Y
Mars,villain,SPECIES_ELEKID,Y
Mars,villain,SPECIES_GIBLE,Y
Mars,villain,SPECIES_GIRATINA,Y
Mars,villain,SPECIES_GLAMEOW,Y
Mars,villain,SPECIES_HEATRAN,Y
Mars,villain,SPECIES_KANGASKHAN,Y
Mars,villain,SPECIES_MAGNEMITE,Y
Mars,villain,SPECIES_PALKIA,Y
Mars,villain,SPECIES_PIPLUP,Y
Mars,villain,SPECIES_REGIGIGAS,Y
Mars,villain,SPECIES_RIOLU,Y
Mars,villain,SPECIES_SHINX,Y
Mars,villain,SPECIES_STUNKY,Y
Mars,villain,SPECIES_UXIE,Y
Mars,villain,SPECIES_YANMA,Y
Mars,villain,SPECIES_ZUBAT,Y
Marshal,elite4,SPECIES_CROAGUNK,Y
Marshal,elite4,SPECIES_GOLETT,Y
Marshal,elite4,SPECIES_GOTHITA,Y
Marshal,elite4,SPECIES_LANDORUS,Y
Marshal,elite4,SPECIES_MACHOP,Y
Marshal,elite4,SPECIES_MEDITITE,Y
Marshal,elite4,SPECIES_MIENFOO,Y
Marshal,elite4,SPECIES_RIOLU,Y
Marshal,elite4,SPECIES_RUFFLET,Y
Marshal,elite4,SPECIES_SAWK,Y
Marshal,elite4,SPECIES_SHELMET,Y
Marshal,elite4,SPECIES_SHROOMISH,Y
Marshal,elite4,SPECIES_TEPIG,Y
Marshal,elite4,SPECIES_THROH,Y
Marshal,elite4,SPECIES_THUNDURUS,Y
Marshal,elite4,SPECIES_TIMBURR,Y
Marshal,elite4,SPECIES_TIRTOUGA,Y
Marshal,elite4,SPECIES_TORNADUS,Y
Maxie,villain,SPECIES_FEEBAS,Y
Maxie,villain,SPECIES_GROUDON,Y
Maxie,villain,SPECIES_HOOPA,Y
Maxie,villain,SPECIES_HOUNDOUR,Y
Maxie,villain,SPECIES_KOFFING,Y
Maxie,villain,SPECIES_KYOGRE,Y
Maxie,villain,SPECIES_MINUN,Y
Maxie,villain,SPECIES_NUMEL,Y
Maxie,villain,SPECIES_PLUSLE,Y
Maxie,villain,SPECIES_POOCHYENA,Y
Maxie,villain,SPECIES_SPHEAL,Y
Maxie,villain,SPECIES_TAILLOW,Y
Maxie,villain,SPECIES_ZUBAT,Y
May,protagonist,SPECIES_ARON,Y
May,protagonist,SPECIES_AUDINO,Y
May,protagonist,SPECIES_BAGON,Y
May,protagonist,SPECIES_BALTOY,Y
May,protagonist,SPECIES_BUNEARY,Y
May,protagonist,SPECIES_KYOGRE,Y
May,protagonist,SPECIES_LATIAS,Y
May,protagonist,SPECIES_LATIOS,Y
May,protagonist,SPECIES_LOTAD,Y
May,protagonist,SPECIES_MUDKIP,Y
May,protagonist,SPECIES_NOSEPASS,Y
May,protagonist,SPECIES_NUMEL,Y
May,protagonist,SPECIES_PICHU,Y
May,protagonist,SPECIES_RAYQUAZA,Y
May,protagonist,SPECIES_SHROOMISH,Y
May,protagonist,SPECIES_SLUGMA,Y
May,protagonist,SPECIES_SWABLU,Y
May,protagonist,SPECIES_TAILLOW,Y
May,protagonist,SPECIES_TORCHIC,Y
May,protagonist,SPECIES_TORKOAL,Y
May,protagonist,SPECIES_TREECKO,Y
May,protagonist,SPECIES_TROPIUS,Y
May,protagonist,SPECIES_WAILMER,Y
May,protagonist,SPECIES_WHISMUR,Y
May,protagonist,SPECIES_WINGULL,Y
May,protagonist,SPECIES_WURMPLE,Y
May (anime),anime,SPECIES_EEVEE,Y
May (anime),anime,SPECIES_LARVITAR,Y
May (anime),anime,SPECIES_MUDKIP,Y
May (anime),anime,SPECIES_MUNCHLAX,Y
May (anime),anime,SPECIES_POOCHYENA,Y
May (anime),anime,SPECIES_SKITTY,Y
May (anime),anime,SPECIES_SQUIRTLE,Y
May (anime),anime,SPECIES_SWABLU,Y
May (anime),anime,SPECIES_TENTACOOL,Y
May (anime),anime,SPECIES_TORCHIC,Y
May (anime),anime,SPECIES_TYROGUE,Y
May (anime),anime,SPECIES_WURMPLE,Y
Maylene,gymleader,SPECIES_AIPOM,Y
Maylene,gymleader,SPECIES_BUNEARY,Y
Maylene,gymleader,SPECIES_CHERUBI,Y
Maylene,gymleader,SPECIES_CHIMCHAR,Y
Maylene,gymleader,SPECIES_CROAGUNK,Y
Maylene,gymleader,SPECIES_HERACROSS,Y
Maylene,gymleader,SPECIES_MACHOP,Y
Maylene,gymleader,SPECIES_MEDITITE,Y
Maylene,gymleader,SPECIES_MURKROW,Y
Maylene,gymleader,SPECIES_PACHIRISU,Y
Maylene,gymleader,SPECIES_PIPLUP,Y
Maylene,gymleader,SPECIES_RALTS,Y
Maylene,gymleader,SPECIES_RIOLU,Y
Maylene,gymleader,SPECIES_SHROOMISH,Y
Maylene,gymleader,SPECIES_SNORUNT,Y
Maylene,gymleader,SPECIES_STARLY,Y
Maylene,gymleader,SPECIES_TYROGUE,Y
Maylene,gymleader,SPECIES_UXIE,Y
Melony,gymleader,SPECIES_DARUMAKA,Y
Melony,gymleader,SPECIES_DRACOVISH,Y
Melony,gymleader,SPECIES_EISCUE,Y
Melony,gymleader,SPECIES_ETERNATUS,Y
Melony,gymleader,SPECIES_LAPRAS,Y
Melony,gymleader,SPECIES_MIMEJR,Y
Melony,gymleader,SPECIES_PINCURCHIN,Y
Melony,gymleader,SPECIES_ROLYCOLY,Y
Melony,gymleader,SPECIES_SALANDIT,Y
Melony,gymleader,SPECIES_SNOM,Y
Melony,gymleader,SPECIES_ZACIAN,Y
Melony,gymleader,SPECIES_ZAMAZENTA,Y
Milo,gymleader,SPECIES_APPLIN,Y
Milo,gymleader,SPECIES_BOUNSWEET,Y
Milo,gymleader,SPECIES_CHERUBI,Y
Milo,gymleader,SPECIES_ETERNATUS,Y
Milo,gymleader,SPECIES_FARFETCHD_GALARIAN,Y
Milo,gymleader,SPECIES_GOSSIFLEUR,Y
Milo,gymleader,SPECIES_LOTAD,Y
Milo,gymleader,SPECIES_ODDISH,Y
Milo,gymleader,SPECIES_SEEDOT,Y
Milo,gymleader,SPECIES_SNORUNT,Y
Milo,gymleader,SPECIES_TIMBURR,Y
Milo,gymleader,SPECIES_WOOLOO,Y
Misty,gymleader,SPECIES_BUIZEL,Y
Misty,gymleader,SPECIES_CHARMANDER,Y
Misty,gymleader,SPECIES_CHINCHOU,Y
Misty,gymleader,SPECIES_CLEFFA,Y
Misty,gymleader,SPECIES_DIGLETT,Y
Misty,gymleader,SPECIES_DRATINI,Y
Misty,gymleader,SPECIES_DUCKLETT,Y
Misty,gymleader,SPECIES_EEVEE,Y
Misty,gymleader,SPECIES_EXEGGCUTE,Y
Misty,gymleader,SPECIES_FEEBAS,Y
Misty,gymleader,SPECIES_FRILLISH,Y
Misty,gymleader,SPECIES_GEODUDE,Y
Misty,gymleader,SPECIES_GOLDEEN,Y
Misty,gymleader,SPECIES_HORSEA,Y
Misty,gymleader,SPECIES_IGGLYBUFF,Y
Misty,gymleader,SPECIES_LAPRAS,Y
Misty,gymleader,SPECIES_MAGIKARP,Y
Misty,gymleader,SPECIES_MAREEP,Y
Misty,gymleader,SPECIES_MILTANK,Y
Misty,gymleader,SPECIES_NIDORAN_F,Y
Misty,gymleader,SPECIES_OMANYTE,Y
Misty,gymleader,SPECIES_POLIWAG,Y
Misty,gymleader,SPECIES_PSYDUCK,Y
Misty,gymleader,SPECIES_RHYHORN,Y
Misty,gymleader,SPECIES_SEEL,Y
Misty,gymleader,SPECIES_SHELLDER,Y
Misty,gymleader,SPECIES_SLOWPOKE,Y
Misty,gymleader,SPECIES_SQUIRTLE,Y
Misty,gymleader,SPECIES_STARYU,Y
Misty,gymleader,SPECIES_SUICUNE,Y
Misty,gymleader,SPECIES_SUNKERN,Y
Misty,gymleader,SPECIES_TENTACOOL,Y
Misty,gymleader,SPECIES_TIRTOUGA,Y
Misty,gymleader,SPECIES_TOGEPI,Y
Misty,gymleader,SPECIES_WOOPER,Y
Misty (anime),anime,SPECIES_CATERPIE,Y
Misty (anime),anime,SPECIES_CLAUNCHER,Y
Misty (anime),anime,SPECIES_DRATINI,Y
Misty (anime),anime,SPECIES_EKANS,Y
Misty (anime),anime,SPECIES_FRILLISH,Y
Misty (anime),anime,SPECIES_GOLDEEN,Y
Misty (anime),anime,SPECIES_HATENNA,Y
Misty (anime),anime,SPECIES_HOOTHOOT,Y
Misty (anime),anime,SPECIES_HORSEA,Y
Misty (anime),anime,SPECIES_KOFFING,Y
Misty (anime),anime,SPECIES_LAPRAS,Y
Misty (anime),anime,SPECIES_LATIOS,Y
Misty (anime),anime,SPECIES_LICKITUNG,Y
Misty (anime),anime,SPECIES_MAGIKARP,Y
Misty (anime),anime,SPECIES_MANTYKE,Y
Misty (anime),anime,SPECIES_MIMEJR,Y
Misty (anime),anime,SPECIES_POLIWAG,Y
Misty (anime),anime,SPECIES_PSYDUCK,Y
Misty (anime),anime,SPECIES_SHELLDER,Y
Misty (anime),anime,SPECIES_SHUPPET,Y
Misty (anime),anime,SPECIES_SOBBLE,Y
Misty (anime),anime,SPECIES_SPEAROW,Y
Misty (anime),anime,SPECIES_STARYU,Y
Misty (anime),anime,SPECIES_TENTACOOL,Y
Misty (anime),anime,SPECIES_TOGEPI,Y
Misty (anime),anime,SPECIES_WAILMER,Y
Misty (anime),anime,SPECIES_YAMASK,Y
Molayne,elite4,SPECIES_BELDUM,Y
Molayne,elite4,SPECIES_CELESTEELA,Y
Molayne,elite4,SPECIES_DIGLETT,Y
Molayne,elite4,SPECIES_FLETCHLING,Y
Molayne,elite4,SPECIES_GRUBBIN,Y
Molayne,elite4,SPECIES_GUZZLORD,Y
Molayne,elite4,SPECIES_KLEFKI,Y
Molayne,elite4,SPECIES_LITTEN,Y
Molayne,elite4,SPECIES_MAGNEMITE,Y
Molayne,elite4,SPECIES_MAREEP,Y
Molayne,elite4,SPECIES_MINIOR,Y
Molayne,elite4,SPECIES_NIHILEGO,Y
Molayne,elite4,SPECIES_PAWNIARD,Y
Molayne,elite4,SPECIES_PICHU,Y
Molayne,elite4,SPECIES_SANDSHREW,Y
Molayne,elite4,SPECIES_SKARMORY,Y
Molayne,elite4,SPECIES_TOGEDEMARU,Y
Morty,gymleader,SPECIES_ARCEUS,Y
Morty,gymleader,SPECIES_BONSLY,Y
Morty,gymleader,SPECIES_CUBONE,Y
Morty,gymleader,SPECIES_CYNDAQUIL,Y
Morty,gymleader,SPECIES_DRIFLOON,Y
Morty,gymleader,SPECIES_DUSKULL,Y
Morty,gymleader,SPECIES_ELEKID,Y
Morty,gymleader,SPECIES_EXEGGCUTE,Y
Morty,gymleader,SPECIES_FRILLISH,Y
Morty,gymleader,SPECIES_GASTLY,Y
Morty,gymleader,SPECIES_GIRAFARIG,Y
Morty,gymleader,SPECIES_HOOTHOOT,Y
Morty,gymleader,SPECIES_HO_OH,Y
Morty,gymleader,SPECIES_LAPRAS,Y
Morty,gymleader,SPECIES_LITWICK,Y
Morty,gymleader,SPECIES_MAGNEMITE,Y
Morty,gymleader,SPECIES_MANTYKE,Y
Morty,gymleader,SPECIES_MISDREAVUS,Y
Morty,gymleader,SPECIES_RAIKOU,Y
Morty,gymleader,SPECIES_SABLEYE,Y
Morty,gymleader,SPECIES_SHUPPET,Y
Morty,gymleader,SPECIES_SNORUNT,Y
Morty,gymleader,SPECIES_SNUBBULL,Y
Morty,gymleader,SPECIES_SPEAROW,Y
Morty,gymleader,SPECIES_SPINARAK,Y
Morty,gymleader,SPECIES_SUICUNE,Y
Morty,gymleader,SPECIES_TOGEPI,Y
Morty,gymleader,SPECIES_TOTODILE,Y
Morty,gymleader,SPECIES_YAMASK,Y
N,rival,SPECIES_ANORITH,Y
N,rival,SPECIES_ARCHEN,Y
N,rival,SPECIES_CHINCHOU,Y
N,rival,SPECIES_CLEFFA,Y
N,rival,SPECIES_DARUMAKA,Y
N,rival,SPECIES_EEVEE,Y
N,rival,SPECIES_FERROSEED,Y
N,rival,SPECIES_GROWLITHE,Y
N,rival,SPECIES_HIPPOPOTAS,Y
N,rival,SPECIES_JOLTIK,Y
N,rival,SPECIES_KABUTO,Y
N,rival,SPECIES_KLINK,Y
N,rival,SPECIES_KYUREM,Y
N,rival,SPECIES_LANDORUS,Y
N,rival,SPECIES_LARVESTA,Y
N,rival,SPECIES_LILEEP,Y
N,rival,SPECIES_NINCADA,Y
N,rival,SPECIES_OMANYTE,Y
N,rival,SPECIES_PIDOVE,Y
N,rival,SPECIES_POLIWAG,Y
N,rival,SPECIES_PONYTA,Y
N,rival,SPECIES_PURRLOIN,Y
N,rival,SPECIES_RESHIRAM,Y
N,rival,SPECIES_RHYHORN,Y
N,rival,SPECIES_ROGGENROLA,Y
N,rival,SPECIES_SANDILE,Y
N,rival,SPECIES_SCRAGGY,Y
N,rival,SPECIES_SCYTHER,Y
N,rival,SPECIES_SEEDOT,Y
N,rival,SPECIES_SHELLDER,Y
N,rival,SPECIES_SHELLOS,Y
N,rival,SPECIES_SIGILYPH,Y
N,rival,SPECIES_SNORUNT,Y
N,rival,SPECIES_SNOVER,Y
N,rival,SPECIES_STARYU,Y
N,rival,SPECIES_SWINUB,Y
N,rival,SPECIES_TENTACOOL,Y
N,rival,SPECIES_TIMBURR,Y
N,rival,SPECIES_TIRTOUGA,Y
N,rival,SPECIES_TYMPOLE,Y
N,rival,SPECIES_VANILLITE,Y
N,rival,SPECIES_VULPIX,Y
N,rival,SPECIES_WOOBAT,Y
N,rival,SPECIES_ZEKROM,Y
N,rival,SPECIES_ZORUA,Y
Nando,anime,SPECIES_ANORITH,Y
Nando,anime,SPECIES_BUDEW,Y
Nando,anime,SPECIES_BUNEARY,Y
Nando,anime,SPECIES_CYNDAQUIL,Y
Nando,anime,SPECIES_EEVEE,Y
Nando,anime,SPECIES_HERACROSS,Y
Nando,anime,SPECIES_KRICKETOT,Y
Nando,anime,SPECIES_MISDREAVUS,Y
Nando,anime,SPECIES_STARLY,Y
Nando,anime,SPECIES_SUNKERN,Y
Nando,anime,SPECIES_SWABLU,Y
Nando,anime,SPECIES_TURTWIG,Y
Nanu,gymleader,SPECIES_ABSOL,Y
Nanu,gymleader,SPECIES_BUZZWOLE,Y
Nanu,gymleader,SPECIES_CELESTEELA,Y
Nanu,gymleader,SPECIES_GASTLY,Y
Nanu,gymleader,SPECIES_GUZZLORD,Y
Nanu,gymleader,SPECIES_KARTANA,Y
Nanu,gymleader,SPECIES_MEOWTH,Y
Nanu,gymleader,SPECIES_MURKROW,Y
Nanu,gymleader,SPECIES_NECROZMA,Y
Nanu,gymleader,SPECIES_ROCKRUFF,Y
Nanu,gymleader,SPECIES_ROWLET,Y
Nanu,gymleader,SPECIES_SABLEYE,Y
Nanu,gymleader,SPECIES_SANDILE,Y
Nanu,gymleader,SPECIES_TAPU_BULU,Y
Nanu,gymleader,SPECIES_ZYGARDE,Y
Nate,protagonist,SPECIES_AXEW,Y
Nate,protagonist,SPECIES_GROWLITHE,Y
Nate,protagonist,SPECIES_OSHAWOTT,Y
Nate,protagonist,SPECIES_PANPOUR,Y
Nate,protagonist,SPECIES_PANSAGE,Y
Nate,protagonist,SPECIES_PANSEAR,Y
Nate,protagonist,SPECIES_RIOLU,Y
Nate,protagonist,SPECIES_RUFFLET,Y
Nate,protagonist,SPECIES_SEVIPER,Y
Nate,protagonist,SPECIES_SNIVY,Y
Nate,protagonist,SPECIES_TEPIG,Y
Nemona,champion,SPECIES_CHIMCHAR,Y
Nemona,champion,SPECIES_CUTIEFLY,Y
Nemona,champion,SPECIES_CYCLIZAR,Y
Nemona,champion,SPECIES_DUNSPARCE,Y
Nemona,champion,SPECIES_DUSKULL,Y
Nemona,champion,SPECIES_FEEBAS,Y
Nemona,champion,SPECIES_FLAMIGO,Y
Nemona,champion,SPECIES_FROAKIE,Y
Nemona,champion,SPECIES_FUECOCO,Y
Nemona,champion,SPECIES_GASTLY,Y
Nemona,champion,SPECIES_GLIMMET,Y
Nemona,champion,SPECIES_GOOMY,Y
Nemona,champion,SPECIES_GREAT_TUSK,Y
Nemona,champion,SPECIES_IRON_TREADS,Y
Nemona,champion,SPECIES_JANGMO_O,Y
Nemona,champion,SPECIES_LECHONK,Y
Nemona,champion,SPECIES_NACLI,Y
Nemona,champion,SPECIES_ORTHWORM,Y
Nemona,champion,SPECIES_PAWMI,Y
Nemona,champion,SPECIES_QUAXLY,Y
Nemona,champion,SPECIES_ROCKRUFF,Y
Nemona,champion,SPECIES_ROWLET,Y
Nemona,champion,SPECIES_SCREAM_TAIL,Y
Nemona,champion,SPECIES_SMOLIV,Y
Nemona,champion,SPECIES_SPRIGATITO,Y
Nemona,champion,SPECIES_TAUROS,Y
Nemona,champion,SPECIES_TINKATINK,Y
Nemona,champion,SPECIES_WATTREL,Y
Nessa,gymleader,SPECIES_ARROKUDA,Y
Nessa,gymleader,SPECIES_CHEWTLE,Y
Nessa,gymleader,SPECIES_EISCUE,Y
Nessa,gymleader,SPECIES_ETERNATUS,Y
Nessa,gymleader,SPECIES_FEEBAS,Y
Nessa,gymleader,SPECIES_GOLDEEN,Y
Nessa,gymleader,SPECIES_GOSSIFLEUR,Y
Nessa,gymleader,SPECIES_MAGIKARP,Y
Nessa,gymleader,SPECIES_MAREANIE,Y
Nessa,gymleader,SPECIES_QWILFISH,Y
Nessa,gymleader,SPECIES_WIMPOD,Y
Nessa,gymleader,SPECIES_WINGULL,Y
Nessa,gymleader,SPECIES_WOOPER,Y
Nessa,gymleader,SPECIES_ZACIAN,Y
Nessa,gymleader,SPECIES_ZAMAZENTA,Y
Norman,gymleader,SPECIES_AIPOM,Y
Norman,gymleader,SPECIES_BOUFFALANT,Y
Norman,gymleader,SPECIES_CASTFORM,Y
Norman,gymleader,SPECIES_CLEFFA,Y
Norman,gymleader,SPECIES_DEERLING,Y
Norman,gymleader,SPECIES_HAPPINY,Y
Norman,gymleader,SPECIES_KANGASKHAN,Y
Norman,gymleader,SPECIES_KECLEON,Y
Norman,gymleader,SPECIES_LILLIPUP,Y
Norman,gymleader,SPECIES_MUDKIP,Y
Norman,gymleader,SPECIES_PICHU,Y
Norman,gymleader,SPECIES_SLAKOTH,Y
Norman,gymleader,SPECIES_SPINDA,Y
Norman,gymleader,SPECIES_STARLY,Y
Norman,gymleader,SPECIES_TAUROS,Y
Norman,gymleader,SPECIES_TORCHIC,Y
Norman,gymleader,SPECIES_TORKOAL,Y
Norman,gymleader,SPECIES_TREECKO,Y
Norman,gymleader,SPECIES_WHISMUR,Y
Norman,gymleader,SPECIES_WURMPLE,Y
Norman,gymleader,SPECIES_ZANGOOSE,Y
Norman,gymleader,SPECIES_ZIGZAGOON,Y
Olivia,gymleader,SPECIES_ANORITH,Y
Olivia,gymleader,SPECIES_BONSLY,Y
Olivia,gymleader,SPECIES_BUZZWOLE,Y
Olivia,gymleader,SPECIES_CARBINK,Y
Olivia,gymleader,SPECIES_FOMANTIS,Y
Olivia,gymleader,SPECIES_GEODUDE,Y
Olivia,gymleader,SPECIES_GUZZLORD,Y
Olivia,gymleader,SPECIES_KARTANA,Y
Olivia,gymleader,SPECIES_LILEEP,Y
Olivia,gymleader,SPECIES_LITTEN,Y
Olivia,gymleader,SPECIES_NOSEPASS,Y
Olivia,gymleader,SPECIES_PHEROMOSA,Y
Olivia,gymleader,SPECIES_RELICANTH,Y
Olivia,gymleader,SPECIES_ROCKRUFF,Y
Olivia,gymleader,SPECIES_ROGGENROLA,Y
Olivia,gymleader,SPECIES_TAPU_KOKO,Y
Olivia,gymleader,SPECIES_TAPU_LELE,Y
Olivia,gymleader,SPECIES_TAUROS,Y
Olivia,gymleader,SPECIES_TURTONATOR,Y
Olympia,gymleader,SPECIES_ESPURR,Y
Olympia,gymleader,SPECIES_FROAKIE,Y
Olympia,gymleader,SPECIES_SIGILYPH,Y
Olympia,gymleader,SPECIES_SLOWPOKE,Y
Olympia,gymleader,SPECIES_XERNEAS,Y
Olympia,gymleader,SPECIES_YVELTAL,Y
Olympia,gymleader,SPECIES_ZYGARDE,Y
Opal,gymleader,SPECIES_DRACOVISH,Y
Opal,gymleader,SPECIES_ETERNATUS,Y
Opal,gymleader,SPECIES_FARFETCHD_GALARIAN,Y
Opal,gymleader,SPECIES_KOFFING,Y
Opal,gymleader,SPECIES_MAWILE,Y
Opal,gymleader,SPECIES_MILCERY,Y
Opal,gymleader,SPECIES_PICHU,Y
Opal,gymleader,SPECIES_TIMBURR,Y
Opal,gymleader,SPECIES_TOGEPI,Y
Paul,anime,SPECIES_ARON,Y
Paul,anime,SPECIES_AZURILL,Y
Paul,anime,SPECIES_BELDUM,Y
Paul,anime,SPECIES_CHIMCHAR,Y
Paul,anime,SPECIES_DIALGA,Y
Paul,anime,SPECIES_ELEKID,Y
Paul,anime,SPECIES_GEODUDE,Y
Paul,anime,SPECIES_GIBLE,Y
Paul,anime,SPECIES_GLIGAR,Y
Paul,anime,SPECIES_MAGBY,Y
Paul,anime,SPECIES_MAGIKARP,Y
Paul,anime,SPECIES_MAKUHITA,Y
Paul,anime,SPECIES_MURKROW,Y
Paul,anime,SPECIES_NIDORAN_M,Y
Paul,anime,SPECIES_NINCADA,Y
Paul,anime,SPECIES_PALKIA,Y
Paul,anime,SPECIES_PICHU,Y
Paul,anime,SPECIES_PIPLUP,Y
Paul,anime,SPECIES_REGICE,Y
Paul,anime,SPECIES_REGIROCK,Y
Paul,anime,SPECIES_REGISTEEL,Y
Paul,anime,SPECIES_RIOLU,Y
Paul,anime,SPECIES_SHELLOS,Y
Paul,anime,SPECIES_SKORUPI,Y
Paul,anime,SPECIES_SNEASEL,Y
Paul,anime,SPECIES_SNORUNT,Y
Paul,anime,SPECIES_STANTLER,Y
Paul,anime,SPECIES_STARLY,Y
Paul,anime,SPECIES_TEDDIURSA,Y
Paul,anime,SPECIES_TURTWIG,Y
Paul,anime,SPECIES_ZANGOOSE,Y
Penny,rival,SPECIES_BRUTE_BONNET,Y
Penny,rival,SPECIES_EEVEE,Y
Penny,rival,SPECIES_GIMMIGHOUL,Y
Penny,rival,SPECIES_HAWLUCHA,Y
Penny,rival,SPECIES_IRON_BUNDLE,Y
Penny,rival,SPECIES_IRON_HANDS,Y
Penny,rival,SPECIES_MASCHIFF,Y
Penny,rival,SPECIES_PECHARUNT,Y
Penny,rival,SPECIES_QUAXLY,Y
Penny,rival,SPECIES_SCREAM_TAIL,Y
Penny,rival,SPECIES_SHELLDER,Y
Penny,rival,SPECIES_SKORUPI,Y
Penny,rival,SPECIES_SKWOVET,Y
Penny,rival,SPECIES_SPRIGATITO,Y
Penny,rival,SPECIES_TINKATINK,Y
Penny,rival,SPECIES_VENIPEDE,Y
Penny,rival,SPECIES_VOLTORB,Y
Penny,rival,SPECIES_YAMASK,Y
Penny,rival,SPECIES_YAMASK_GALARIAN,Y
Phoebe,elite4,SPECIES_CELEBI,Y
Phoebe,elite4,SPECIES_DRIFLOON,Y
Phoebe,elite4,SPECIES_DUSKULL,Y
Phoebe,elite4,SPECIES_LITWICK,Y
Phoebe,elite4,SPECIES_MISDREAVUS,Y
Phoebe,elite4,SPECIES_REGICE,Y
Phoebe,elite4,SPECIES_REGIROCK,Y
Phoebe,elite4,SPECIES_REGISTEEL,Y
Phoebe,elite4,SPECIES_SABLEYE,Y
Phoebe,elite4,SPECIES_SHUPPET,Y
Phoebe,elite4,SPECIES_YAMASK,Y
Piers,gymleader,SPECIES_ETERNATUS,Y
Piers,gymleader,SPECIES_HONEDGE,Y
Piers,gymleader,SPECIES_INKAY,Y
Piers,gymleader,SPECIES_MORPEKO,Y
Piers,gymleader,SPECIES_SCRAGGY,Y
Piers,gymleader,SPECIES_STUNKY,Y
Piers,gymleader,SPECIES_TOXEL,Y
Piers,gymleader,SPECIES_TRUBBISH,Y
Piers,gymleader,SPECIES_ZACIAN,Y
Piers,gymleader,SPECIES_ZAMAZENTA,Y
Piers,gymleader,SPECIES_ZIGZAGOON_GALARIAN,Y
Plumeria,villain,SPECIES_CELESTEELA,Y
Plumeria,villain,SPECIES_COSMOG,Y
Plumeria,villain,SPECIES_DROWZEE,Y
Plumeria,villain,SPECIES_EEVEE,Y
Plumeria,villain,SPECIES_GASTLY,Y
Plumeria,villain,SPECIES_GRIMER,Y
Plumeria,villain,SPECIES_GUZZLORD,Y
Plumeria,villain,SPECIES_MAREANIE,Y
Plumeria,villain,SPECIES_NECROZMA,Y
Plumeria,villain,SPECIES_NIHILEGO,Y
Plumeria,villain,SPECIES_ORICORIO,Y
Plumeria,villain,SPECIES_PHEROMOSA,Y
Plumeria,villain,SPECIES_SALANDIT,Y
Plumeria,villain,SPECIES_TYPE_NULL,Y
Plumeria,villain,SPECIES_WIMPOD,Y
Plumeria,villain,SPECIES_XURKITREE,Y
Plumeria,villain,SPECIES_ZUBAT,Y
Poppy,elite4,SPECIES_BRONZOR,Y
Poppy,elite4,SPECIES_CUFANT,Y
Poppy,elite4,SPECIES_IRON_TREADS,Y
Poppy,elite4,SPECIES_MAGNEMITE,Y
Poppy,elite4,SPECIES_ONIX,Y
Poppy,elite4,SPECIES_QUAXLY,Y
Poppy,elite4,SPECIES_ROOKIDEE,Y
Poppy,elite4,SPECIES_SHIELDON,Y
Poppy,elite4,SPECIES_TADBULB,Y
Poppy,elite4,SPECIES_TINKATINK,Y
Pryce,gymleader,SPECIES_ARTICUNO,Y
Pryce,gymleader,SPECIES_CELEBI,Y
Pryce,gymleader,SPECIES_CLEFFA,Y
Pryce,gymleader,SPECIES_CYNDAQUIL,Y
Pryce,gymleader,SPECIES_DELIBIRD,Y
Pryce,gymleader,SPECIES_GIRAFARIG,Y
Pryce,gymleader,SPECIES_GIRATINA,Y
Pryce,gymleader,SPECIES_LAPRAS,Y
Pryce,gymleader,SPECIES_LUGIA,Y
Pryce,gymleader,SPECIES_MAGBY,Y
Pryce,gymleader,SPECIES_ODDISH,Y
Pryce,gymleader,SPECIES_PALKIA,Y
Pryce,gymleader,SPECIES_PHANPY,Y
Pryce,gymleader,SPECIES_PICHU,Y
Pryce,gymleader,SPECIES_SEEL,Y
Pryce,gymleader,SPECIES_SHELLDER,Y
Pryce,gymleader,SPECIES_SMOOCHUM,Y
Pryce,gymleader,SPECIES_SNEASEL,Y
Pryce,gymleader,SPECIES_SNORUNT,Y
Pryce,gymleader,SPECIES_SNOVER,Y
Pryce,gymleader,SPECIES_SPHEAL,Y
Pryce,gymleader,SPECIES_SUICUNE,Y
Pryce,gymleader,SPECIES_SWINUB,Y
Pryce,gymleader,SPECIES_TEDDIURSA,Y
Pryce,gymleader,SPECIES_TENTACOOL,Y
Pryce,gymleader,SPECIES_TOTODILE,Y
Pryce,gymleader,SPECIES_TYROGUE,Y
Pryce,gymleader,SPECIES_WOOPER,Y
Raihan,gymleader,SPECIES_CHARMANDER,Y
Raihan,gymleader,SPECIES_DREEPY,Y
Raihan,gymleader,SPECIES_DURALUDON,Y
Raihan,gymleader,SPECIES_ETERNATUS,Y
Raihan,gymleader,SPECIES_GOOMY,Y
Raihan,gymleader,SPECIES_HONEDGE,Y
Raihan,gymleader,SPECIES_JANGMO_O,Y
Raihan,gymleader,SPECIES_MILCERY,Y
Raihan,gymleader,SPECIES_ORANGURU,Y
Raihan,gymleader,SPECIES_ROGGENROLA,Y
Raihan,gymleader,SPECIES_SILICOBRA,Y
Raihan,gymleader,SPECIES_TORKOAL,Y
Raihan,gymleader,SPECIES_TRAPINCH,Y
Raihan,gymleader,SPECIES_TURTONATOR,Y
Raihan,gymleader,SPECIES_ZACIAN,Y
Raihan,gymleader,SPECIES_ZAMAZENTA,Y
Ramos,gymleader,SPECIES_BELLSPROUT,Y
Ramos,gymleader,SPECIES_EXEGGCUTE,Y
Ramos,gymleader,SPECIES_FENNEKIN,Y
Ramos,gymleader,SPECIES_FLETCHLING,Y
Ramos,gymleader,SPECIES_FROAKIE,Y
Ramos,gymleader,SPECIES_HOPPIP,Y
Ramos,gymleader,SPECIES_MIMEJR,Y
Ramos,gymleader,SPECIES_ODDISH,Y
Ramos,gymleader,SPECIES_PAWNIARD,Y
Ramos,gymleader,SPECIES_SHINX,Y
Ramos,gymleader,SPECIES_SKIDDO,Y
Ramos,gymleader,SPECIES_SUNKERN,Y
Ramos,gymleader,SPECIES_VANILLITE,Y
Ramos,gymleader,SPECIES_XERNEAS,Y
Ramos,gymleader,SPECIES_YVELTAL,Y
Red,protagonist,SPECIES_ARTICUNO,Y
Red,protagonist,SPECIES_BULBASAUR,Y
Red,protagonist,SPECIES_CATERPIE,Y
Red,protagonist,SPECIES_CHARMANDER,Y
Red,protagonist,SPECIES_CHIKORITA,Y
Red,protagonist,SPECIES_CYNDAQUIL,Y
Red,protagonist,SPECIES_DEOXYS,Y
Red,protagonist,SPECIES_DRATINI,Y
Red,protagonist,SPECIES_EEVEE,Y
Red,protagonist,SPECIES_ENTEI,Y
Red,protagonist,SPECIES_GROWLITHE,Y
Red,protagonist,SPECIES_LAPRAS,Y
Red,protagonist,SPECIES_LARVESTA,Y
Red,protagonist,SPECIES_MACHOP,Y
Red,protagonist,SPECIES_MUNCHLAX,Y
Red,protagonist,SPECIES_NOIBAT,Y
Red,protagonist,SPECIES_NOSEPASS,Y
Red,protagonist,SPECIES_PICHU,Y
Red,protagonist,SPECIES_RAIKOU,Y
Red,protagonist,SPECIES_REGIGIGAS,Y
Red,protagonist,SPECIES_SCYTHER,Y
Red,protagonist,SPECIES_SLAKOTH,Y
Red,protagonist,SPECIES_SQUIRTLE,Y
Red,protagonist,SPECIES_SUICUNE,Y
Red,protagonist,SPECIES_TAUROS,Y
Red,protagonist,SPECIES_TOTODILE,Y
Red,protagonist,SPECIES_WAILMER,Y
Red,protagonist,SPECIES_WOOPER,Y
Rika,elite4,SPECIES_BARBOACH,Y
Rika,elite4,SPECIES_CLODSIRE,Y
Rika,elite4,SPECIES_DIGLETT,Y
Rika,elite4,SPECIES_GREAT_TUSK,Y
Rika,elite4,SPECIES_NACLI,Y
Rika,elite4,SPECIES_NUMEL,Y
Rika,elite4,SPECIES_NYMBLE,Y
Rika,elite4,SPECIES_PHANPY,Y
Rika,elite4,SPECIES_SPRIGATITO,Y
Rika,elite4,SPECIES_TURTWIG,Y
Rika,elite4,SPECIES_WOOPER,Y
Ritchie,anime,SPECIES_BAGON,Y
Ritchie,anime,SPECIES_CATERPIE,Y
Ritchie,anime,SPECIES_CELEBI,Y
Ritchie,anime,SPECIES_CHARMANDER,Y
Ritchie,anime,SPECIES_CYNDAQUIL,Y
Ritchie,anime,SPECIES_EEVEE,Y
Ritchie,anime,SPECIES_ELEKID,Y
Ritchie,anime,SPECIES_LARVITAR,Y
Ritchie,anime,SPECIES_MOLTRES,Y
Ritchie,anime,SPECIES_PICHU,Y
Ritchie,anime,SPECIES_POLIWAG,Y
Ritchie,anime,SPECIES_PONYTA,Y
Ritchie,anime,SPECIES_POOCHYENA,Y
Ritchie,anime,SPECIES_SCYTHER,Y
Ritchie,anime,SPECIES_SPEAROW,Y
Ritchie,anime,SPECIES_SQUIRTLE,Y
Ritchie,anime,SPECIES_TAILLOW,Y
Ritchie,anime,SPECIES_TENTACOOL,Y
Roark,gymleader,SPECIES_AERODACTYL,Y
Roark,gymleader,SPECIES_ANORITH,Y
Roark,gymleader,SPECIES_ARCHEN,Y
Roark,gymleader,SPECIES_AZURILL,Y
Roark,gymleader,SPECIES_BONSLY,Y
Roark,gymleader,SPECIES_BUDEW,Y
Roark,gymleader,SPECIES_BUNEARY,Y
Roark,gymleader,SPECIES_CHIMCHAR,Y
Roark,gymleader,SPECIES_CRANIDOS,Y
Roark,gymleader,SPECIES_DWEBBLE,Y
Roark,gymleader,SPECIES_ELEKID,Y
Roark,gymleader,SPECIES_GEODUDE,Y
Roark,gymleader,SPECIES_LARVITAR,Y
Roark,gymleader,SPECIES_NOSEPASS,Y
Roark,gymleader,SPECIES_ONIX,Y
Roark,gymleader,SPECIES_PIPLUP,Y
Roark,gymleader,SPECIES_PONYTA,Y
Roark,gymleader,SPECIES_RELICANTH,Y
Roark,gymleader,SPECIES_SHIELDON,Y
Roark,gymleader,SPECIES_SUNKERN,Y
Roark,gymleader,SPECIES_WURMPLE,Y
Rosa,protagonist,SPECIES_DEERLING,Y
Rosa,protagonist,SPECIES_DELIBIRD,Y
Rosa,protagonist,SPECIES_LILLIPUP,Y
Rosa,protagonist,SPECIES_MELOETTA,Y
Rosa,protagonist,SPECIES_OSHAWOTT,Y
Rosa,protagonist,SPECIES_PANPOUR,Y
Rosa,protagonist,SPECIES_PANSAGE,Y
Rosa,protagonist,SPECIES_PANSEAR,Y
Rosa,protagonist,SPECIES_SHAYMIN,Y
Rosa,protagonist,SPECIES_SNIVY,Y
Rosa,protagonist,SPECIES_TEPIG,Y
Rose,villain,SPECIES_CHARMANDER,Y
Rose,villain,SPECIES_CUFANT,Y
Rose,villain,SPECIES_ETERNATUS,Y
Rose,villain,SPECIES_FEEBAS,Y
Rose,villain,SPECIES_FERROSEED,Y
Rose,villain,SPECIES_HATENNA,Y
Rose,villain,SPECIES_KARRABLAST,Y
Rose,villain,SPECIES_KLINK,Y
Rose,villain,SPECIES_MEOWTH_GALARIAN,Y
Rose,villain,SPECIES_RIOLU,Y
Rose,villain,SPECIES_ROLYCOLY,Y
Rose,villain,SPECIES_ZACIAN,Y
Rose,villain,SPECIES_ZAMAZENTA,Y
Roxanne,gymleader,SPECIES_AERODACTYL,Y
Roxanne,gymleader,SPECIES_ANORITH,Y
Roxanne,gymleader,SPECIES_ARON,Y
Roxanne,gymleader,SPECIES_GEODUDE,Y
Roxanne,gymleader,SPECIES_GROUDON,Y
Roxanne,gymleader,SPECIES_KABUTO,Y
Roxanne,gymleader,SPECIES_LILEEP,Y
Roxanne,gymleader,SPECIES_MUDKIP,Y
Roxanne,gymleader,SPECIES_NOSEPASS,Y
Roxanne,gymleader,SPECIES_OMANYTE,Y
Roxanne,gymleader,SPECIES_ONIX,Y
Roxanne,gymleader,SPECIES_POLIWAG,Y
Roxanne,gymleader,SPECIES_RELICANTH,Y
Roxanne,gymleader,SPECIES_TIRTOUGA,Y
Roxanne,gymleader,SPECIES_VULPIX,Y
Roxanne,gymleader,SPECIES_YAMASK_GALARIAN,Y
Roxie,gymleader,SPECIES_CROAGUNK,Y
Roxie,gymleader,SPECIES_FOONGUS,Y
Roxie,gymleader,SPECIES_GRIMER,Y
Roxie,gymleader,SPECIES_KARRABLAST,Y
Roxie,gymleader,SPECIES_KOFFING,Y
Roxie,gymleader,SPECIES_OSHAWOTT,Y
Roxie,gymleader,SPECIES_SEVIPER,Y
Roxie,gymleader,SPECIES_SKORUPI,Y
Roxie,gymleader,SPECIES_TOXEL,Y
Roxie,gymleader,SPECIES_TRUBBISH,Y
Roxie,gymleader,SPECIES_VENIPEDE,Y
Roxie,gymleader,SPECIES_ZUBAT,Y
Ryme,gymleader,SPECIES_FUECOCO,Y
Ryme,gymleader,SPECIES_GOLETT,Y
Ryme,gymleader,SPECIES_GREAVARD,Y
Ryme,gymleader,SPECIES_MANKEY,Y
Ryme,gymleader,SPECIES_MIMIKYU,Y
Ryme,gymleader,SPECIES_SHUPPET,Y
Ryme,gymleader,SPECIES_SPIRITOMB,Y
Ryme,gymleader,SPECIES_TOXEL,Y
Ryme,gymleader,SPECIES_WATTREL,Y
Sabrina,gymleader,SPECIES_ABRA,Y
Sabrina,gymleader,SPECIES_ARTICUNO,Y
Sabrina,gymleader,SPECIES_BELDUM,Y
Sabrina,gymleader,SPECIES_CHARMANDER,Y
Sabrina,gymleader,SPECIES_CHINGLING,Y
Sabrina,gymleader,SPECIES_CLEFFA,Y
Sabrina,gymleader,SPECIES_CYNDAQUIL,Y
Sabrina,gymleader,SPECIES_DROWZEE,Y
Sabrina,gymleader,SPECIES_EEVEE,Y
Sabrina,gymleader,SPECIES_EXEGGCUTE,Y
Sabrina,gymleader,SPECIES_GASTLY,Y
Sabrina,gymleader,SPECIES_HERACROSS,Y
Sabrina,gymleader,SPECIES_IGGLYBUFF,Y
Sabrina,gymleader,SPECIES_LAPRAS,Y
Sabrina,gymleader,SPECIES_MEWTWO,Y
Sabrina,gymleader,SPECIES_MIMEJR,Y
Sabrina,gymleader,SPECIES_MOLTRES,Y
Sabrina,gymleader,SPECIES_MUNCHLAX,Y
Sabrina,gymleader,SPECIES_ODDISH,Y
Sabrina,gymleader,SPECIES_PSYDUCK,Y
Sabrina,gymleader,SPECIES_RALTS,Y
Sabrina,gymleader,SPECIES_SANDSHREW,Y
Sabrina,gymleader,SPECIES_SCYTHER,Y
Sabrina,gymleader,SPECIES_SENTRET,Y
Sabrina,gymleader,SPECIES_SHELLDER,Y
Sabrina,gymleader,SPECIES_SIGILYPH,Y
Sabrina,gymleader,SPECIES_SLOWPOKE,Y
Sabrina,gymleader,SPECIES_SMOOCHUM,Y
Sabrina,gymleader,SPECIES_TYROGUE,Y
Sabrina,gymleader,SPECIES_VENONAT,Y
Sabrina,gymleader,SPECIES_WOOBAT,Y
Sabrina,gymleader,SPECIES_WYNAUT,Y
Sabrina,gymleader,SPECIES_ZAPDOS,Y
Saturn,villain,SPECIES_ABRA,Y
Saturn,villain,SPECIES_AZELF,Y
Saturn,villain,SPECIES_BRONZOR,Y
Saturn,villain,SPECIES_CROAGUNK,Y
Saturn,villain,SPECIES_DIALGA,Y
Saturn,villain,SPECIES_GEODUDE,Y
Saturn,villain,SPECIES_GIBLE,Y
Saturn,villain,SPECIES_GIRATINA,Y
Saturn,villain,SPECIES_HEATRAN,Y
Saturn,villain,SPECIES_MAGBY,Y
Saturn,villain,SPECIES_MAGIKARP,Y
Saturn,villain,SPECIES_MINUN,Y
Saturn,villain,SPECIES_MISDREAVUS,Y
Saturn,villain,SPECIES_ONIX,Y
Saturn,villain,SPECIES_PALKIA,Y
Saturn,villain,SPECIES_PIPLUP,Y
Saturn,villain,SPECIES_RALTS,Y
Saturn,villain,SPECIES_REMORAID,Y
Saturn,villain,SPECIES_RHYHORN,Y
Saturn,villain,SPECIES_RIOLU,Y
Saturn,villain,SPECIES_SHIELDON,Y
Saturn,villain,SPECIES_SHINX,Y
Saturn,villain,SPECIES_UNOWN,Y
Saturn,villain,SPECIES_ZUBAT,Y
Sawyer,anime,SPECIES_BAGON,Y
Sawyer,anime,SPECIES_CLAUNCHER,Y
Sawyer,anime,SPECIES_FLETCHLING,Y
Sawyer,anime,SPECIES_FROAKIE,Y
Sawyer,anime,SPECIES_GOOMY,Y
Sawyer,anime,SPECIES_HAWLUCHA,Y
Sawyer,anime,SPECIES_HONEDGE,Y
Sawyer,anime,SPECIES_LOTAD,Y
Sawyer,anime,SPECIES_MEDITITE,Y
Sawyer,anime,SPECIES_NOIBAT,Y
Sawyer,anime,SPECIES_PICHU,Y
Sawyer,anime,SPECIES_SHINX,Y
Sawyer,anime,SPECIES_SLAKOTH,Y
Sawyer,anime,SPECIES_SPRITZEE,Y
Sawyer,anime,SPECIES_SQUIRTLE,Y
Sawyer,anime,SPECIES_SWIRLIX,Y
Sawyer,anime,SPECIES_TREECKO,Y
Selene,protagonist,SPECIES_BLACEPHALON,Y
Selene,protagonist,SPECIES_COSMOG,Y
Selene,protagonist,SPECIES_EEVEE,Y
Selene,protagonist,SPECIES_EXEGGCUTE,Y
Selene,protagonist,SPECIES_LITTEN,Y
Selene,protagonist,SPECIES_NECROZMA,Y
Selene,protagonist,SPECIES_NIHILEGO,Y
Selene,protagonist,SPECIES_PINSIR,Y
Selene,protagonist,SPECIES_POPPLIO,Y
Selene,protagonist,SPECIES_ROTOM,Y
Selene,protagonist,SPECIES_ROWLET,Y
Selene,protagonist,SPECIES_SCYTHER,Y
Selene,protagonist,SPECIES_SPEAROW,Y
Selene,protagonist,SPECIES_STAKATAKA,Y
Selene,protagonist,SPECIES_TAPU_KOKO,Y
Selene,protagonist,SPECIES_TYPE_NULL,Y
Selene,protagonist,SPECIES_YUNGOOS,Y
Serena,protagonist,SPECIES_ABSOL,Y
Serena,protagonist,SPECIES_BUNNELBY,Y
Serena,protagonist,SPECIES_CHESPIN,Y
Serena,protagonist,SPECIES_CLEFFA,Y
Serena,protagonist,SPECIES_COTTONEE,Y
Serena,protagonist,SPECIES_EEVEE,Y
Serena,protagonist,SPECIES_ESPURR,Y
Serena,protagonist,SPECIES_FENNEKIN,Y
Serena,protagonist,SPECIES_FLETCHLING,Y
Serena,protagonist,SPECIES_FROAKIE,Y
Serena,protagonist,SPECIES_RHYHORN,Y
Serena,protagonist,SPECIES_SWABLU,Y
Serena,protagonist,SPECIES_XERNEAS,Y
Serena,protagonist,SPECIES_YVELTAL,Y
Serena,protagonist,SPECIES_ZYGARDE,Y
Serena (anime),anime,SPECIES_BULBASAUR,Y
Serena (anime),anime,SPECIES_BUNNELBY,Y
Serena (anime),anime,SPECIES_CHESPIN,Y
Serena (anime),anime,SPECIES_COMBEE,Y
Serena (anime),anime,SPECIES_EEVEE,Y
Serena (anime),anime,SPECIES_FENNEKIN,Y
Serena (anime),anime,SPECIES_FLETCHLING,Y
Serena (anime),anime,SPECIES_GASTLY,Y
Serena (anime),anime,SPECIES_GIBLE,Y
Serena (anime),anime,SPECIES_MAGNEMITE,Y
Serena (anime),anime,SPECIES_PANCHAM,Y
Serena (anime),anime,SPECIES_PICHU,Y
Serena (anime),anime,SPECIES_RHYHORN,Y
Serena (anime),anime,SPECIES_SHINX,Y
Serena (anime),anime,SPECIES_SKIDDO,Y
Serena (anime),anime,SPECIES_SNEASEL,Y
Serena (anime),anime,SPECIES_SWINUB,Y
Serena (anime),anime,SPECIES_VENIPEDE,Y
Shauna,rival,SPECIES_CHESPIN,Y
Shauna,rival,SPECIES_EEVEE,Y
Shauna,rival,SPECIES_FENNEKIN,Y
Shauna,rival,SPECIES_FROAKIE,Y
Shauna,rival,SPECIES_FURFROU,Y
Shauna,rival,SPECIES_GOOMY,Y
Shauna,rival,SPECIES_KLEFKI,Y
Shauna,rival,SPECIES_SKITTY,Y
Shauntal,elite4,SPECIES_DRIFLOON,Y
Shauntal,elite4,SPECIES_FRILLISH,Y
Shauntal,elite4,SPECIES_GASTLY,Y
Shauntal,elite4,SPECIES_GOLETT,Y
Shauntal,elite4,SPECIES_LITWICK,Y
Shauntal,elite4,SPECIES_MISDREAVUS,Y
Shauntal,elite4,SPECIES_SHUPPET,Y
Shauntal,elite4,SPECIES_SNORUNT,Y
Shauntal,elite4,SPECIES_YAMASK,Y
Sidney,elite4,SPECIES_ABSOL,Y
Sidney,elite4,SPECIES_CACNEA,Y
Sidney,elite4,SPECIES_CARVANHA,Y
Sidney,elite4,SPECIES_CELEBI,Y
Sidney,elite4,SPECIES_CORPHISH,Y
Sidney,elite4,SPECIES_POOCHYENA,Y
Sidney,elite4,SPECIES_REGICE,Y
Sidney,elite4,SPECIES_REGIROCK,Y
Sidney,elite4,SPECIES_REGISTEEL,Y
Sidney,elite4,SPECIES_SCRAGGY,Y
Sidney,elite4,SPECIES_SEEDOT,Y
Sidney,elite4,SPECIES_VULLABY,Y
Sidney,elite4,SPECIES_ZANGOOSE,Y
Sidney,elite4,SPECIES_ZORUA,Y
Siebold,elite4,SPECIES_BINACLE,Y
Siebold,elite4,SPECIES_CHARMANDER,Y
Siebold,elite4,SPECIES_CLAUNCHER,Y
Siebold,elite4,SPECIES_MAGIKARP,Y
Siebold,elite4,SPECIES_REMORAID,Y
Siebold,elite4,SPECIES_SQUIRTLE,Y
Siebold,elite4,SPECIES_STARYU,Y
Silver,rival,SPECIES_ABRA,Y
Silver,rival,SPECIES_CHIKORITA,Y
Silver,rival,SPECIES_CYNDAQUIL,Y
Silver,rival,SPECIES_GASTLY,Y
Silver,rival,SPECIES_HO_OH,Y
Silver,rival,SPECIES_LARVITAR,Y
Silver,rival,SPECIES_LUGIA,Y
Silver,rival,SPECIES_MAGNEMITE,Y
Silver,rival,SPECIES_MEWTWO,Y
Silver,rival,SPECIES_NIDORAN_M,Y
Silver,rival,SPECIES_SNEASEL,Y
Silver,rival,SPECIES_SUICUNE,Y
Silver,rival,SPECIES_TOTODILE,Y
Silver,rival,SPECIES_ZUBAT,Y
Skyla,gymleader,SPECIES_ARCHEN,Y
Skyla,gymleader,SPECIES_DRIFLOON,Y
Skyla,gymleader,SPECIES_DUCKLETT,Y
Skyla,gymleader,SPECIES_DWEBBLE,Y
Skyla,gymleader,SPECIES_GOTHITA,Y
Skyla,gymleader,SPECIES_HOPPIP,Y
Skyla,gymleader,SPECIES_PANSAGE,Y
Skyla,gymleader,SPECIES_PATRAT,Y
Skyla,gymleader,SPECIES_PICHU,Y
Skyla,gymleader,SPECIES_PIDOVE,Y
Skyla,gymleader,SPECIES_RUFFLET,Y
Skyla,gymleader,SPECIES_SANDILE,Y
Skyla,gymleader,SPECIES_SIGILYPH,Y
Skyla,gymleader,SPECIES_SKARMORY,Y
Skyla,gymleader,SPECIES_STUNFISK,Y
Skyla,gymleader,SPECIES_TOGEPI,Y
Skyla,gymleader,SPECIES_TORNADUS,Y
Skyla,gymleader,SPECIES_VULLABY,Y
Skyla,gymleader,SPECIES_WOOBAT,Y
Sophocles,anime,SPECIES_BELDUM,Y
Sophocles,anime,SPECIES_BOUNSWEET,Y
Sophocles,anime,SPECIES_CELESTEELA,Y
Sophocles,anime,SPECIES_CORPHISH,Y
Sophocles,anime,SPECIES_CUTIEFLY,Y
Sophocles,anime,SPECIES_FEEBAS,Y
Sophocles,anime,SPECIES_FLETCHLING,Y
Sophocles,anime,SPECIES_GRUBBIN,Y
Sophocles,anime,SPECIES_LILLIPUP,Y
Sophocles,anime,SPECIES_LITTEN,Y
Sophocles,anime,SPECIES_MAGEARNA,Y
Sophocles,anime,SPECIES_MANTYKE,Y
Sophocles,anime,SPECIES_MAREEP,Y
Sophocles,anime,SPECIES_MINIOR,Y
Sophocles,anime,SPECIES_MISDREAVUS,Y
Sophocles,anime,SPECIES_MUNCHLAX,Y
Sophocles,anime,SPECIES_NECROZMA,Y
Sophocles,anime,SPECIES_NIHILEGO,Y
Sophocles,anime,SPECIES_PETILIL,Y
Sophocles,anime,SPECIES_PICHU,Y
Sophocles,anime,SPECIES_POIPOLE,Y
Sophocles,anime,SPECIES_TAUROS,Y
Sophocles,anime,SPECIES_TOGEDEMARU,Y
Sophocles,anime,SPECIES_WAILMER,Y
Steven,champion,SPECIES_AERODACTYL,Y
Steven,champion,SPECIES_ANORITH,Y
Steven,champion,SPECIES_ARCHEN,Y
Steven,champion,SPECIES_ARON,Y
Steven,champion,SPECIES_BALTOY,Y
Steven,champion,SPECIES_BELDUM,Y
Steven,champion,SPECIES_CARBINK,Y
Steven,champion,SPECIES_DEOXYS,Y
Steven,champion,SPECIES_DIANCIE,Y
Steven,champion,SPECIES_DRILBUR,Y
Steven,champion,SPECIES_HOOPA,Y
Steven,champion,SPECIES_LILEEP,Y
Steven,champion,SPECIES_LILLIPUP,Y
Steven,champion,SPECIES_MAWILE,Y
Steven,champion,SPECIES_MUDKIP,Y
Steven,champion,SPECIES_PINECO,Y
Steven,champion,SPECIES_RAYQUAZA,Y
Steven,champion,SPECIES_REGICE,Y
Steven,champion,SPECIES_REGIROCK,Y
Steven,champion,SPECIES_REGISTEEL,Y
Steven,champion,SPECIES_RELICANTH,Y
Steven,champion,SPECIES_SANDSHREW,Y
Steven,champion,SPECIES_SKARMORY,Y
Steven,champion,SPECIES_TORCHIC,Y
Steven,champion,SPECIES_TREECKO,Y
Steven,champion,SPECIES_WAILMER,Y
Tate,gymleader,SPECIES_BALTOY,Y
Tate,gymleader,SPECIES_BRONZOR,Y
Tate,gymleader,SPECIES_CELESTEELA,Y
Tate,gymleader,SPECIES_CHINGLING,Y
Tate,gymleader,SPECIES_CORPHISH,Y
Tate,gymleader,SPECIES_DROWZEE,Y
Tate,gymleader,SPECIES_GOTHITA,Y
Tate,gymleader,SPECIES_GROUDON,Y
Tate,gymleader,SPECIES_JIRACHI,Y
Tate,gymleader,SPECIES_KYOGRE,Y
Tate,gymleader,SPECIES_LUNATONE,Y
Tate,gymleader,SPECIES_NATU,Y
Tate,gymleader,SPECIES_PICHU,Y
Tate,gymleader,SPECIES_RALTS,Y
Tate,gymleader,SPECIES_SLOWPOKE,Y
Tate,gymleader,SPECIES_SOLOSIS,Y
Tate,gymleader,SPECIES_SOLROCK,Y
Tate,gymleader,SPECIES_SPOINK,Y
Tate,gymleader,SPECIES_TORCHIC,Y
Tracey,anime,SPECIES_AZURILL,Y
Tracey,anime,SPECIES_BULBASAUR,Y
Tracey,anime,SPECIES_CHIMCHAR,Y
Tracey,anime,SPECIES_DODUO,Y
Tracey,anime,SPECIES_ELEKID,Y
Tracey,anime,SPECIES_MAGIKARP,Y
Tracey,anime,SPECIES_PICHU,Y
Tracey,anime,SPECIES_RHYHORN,Y
Tracey,anime,SPECIES_SCYTHER,Y
Tracey,anime,SPECIES_VENONAT,Y
Trip,anime,SPECIES_DWEBBLE,Y
Trip,anime,SPECIES_FRILLISH,Y
Trip,anime,SPECIES_LITWICK,Y
Trip,anime,SPECIES_OSHAWOTT,Y
Trip,anime,SPECIES_PIDOVE,Y
Trip,anime,SPECIES_SNIVY,Y
Trip,anime,SPECIES_TEPIG,Y
Trip,anime,SPECIES_TIMBURR,Y
Trip,anime,SPECIES_TYMPOLE,Y
Trip,anime,SPECIES_VANILLITE,Y
Trip,anime,SPECIES_VENIPEDE,Y
Tulip,gymleader,SPECIES_CHARCADET,Y
Tulip,gymleader,SPECIES_CLODSIRE,Y
Tulip,gymleader,SPECIES_DIGLETT,Y
Tulip,gymleader,SPECIES_FENNEKIN,Y
Tulip,gymleader,SPECIES_FLABEBE,Y
Tulip,gymleader,SPECIES_FLITTLE,Y
Tulip,gymleader,SPECIES_GIRAFARIG,Y
Tulip,gymleader,SPECIES_NACLI,Y
Tulip,gymleader,SPECIES_RALTS,Y
Valerie,gymleader,SPECIES_BAGON,Y
Valerie,gymleader,SPECIES_EEVEE,Y
Valerie,gymleader,SPECIES_FLETCHLING,Y
Valerie,gymleader,SPECIES_MAWILE,Y
Valerie,gymleader,SPECIES_MIMEJR,Y
Valerie,gymleader,SPECIES_SPRITZEE,Y
Valerie,gymleader,SPECIES_XERNEAS,Y
Valerie,gymleader,SPECIES_YVELTAL,Y
Victor,protagonist,SPECIES_ETERNATUS,Y
Victor,protagonist,SPECIES_FARFETCHD_GALARIAN,Y
Victor,protagonist,SPECIES_GROOKEY,Y
Victor,protagonist,SPECIES_SKWOVET,Y
Victor,protagonist,SPECIES_SOBBLE,Y
Victor,protagonist,SPECIES_SPECTRIER,Y
Victor,protagonist,SPECIES_ZACIAN,Y
Victor,protagonist,SPECIES_ZAMAZENTA,Y
Viola,gymleader,SPECIES_FLETCHLING,Y
Viola,gymleader,SPECIES_HONEDGE,Y
Viola,gymleader,SPECIES_ONIX,Y
Viola,gymleader,SPECIES_PICHU,Y
Viola,gymleader,SPECIES_SCATTERBUG,Y
Viola,gymleader,SPECIES_SURSKIT,Y
Viola,gymleader,SPECIES_XERNEAS,Y
Viola,gymleader,SPECIES_YVELTAL,Y
Volkner,gymleader,SPECIES_AIPOM,Y
Volkner,gymleader,SPECIES_BLITZLE,Y
Volkner,gymleader,SPECIES_BURMY,Y
Volkner,gymleader,SPECIES_CHIMCHAR,Y
Volkner,gymleader,SPECIES_CHINCHOU,Y
Volkner,gymleader,SPECIES_EEVEE,Y
Volkner,gymleader,SPECIES_ELEKID,Y
Volkner,gymleader,SPECIES_HOUNDOUR,Y
Volkner,gymleader,SPECIES_JOLTIK,Y
Volkner,gymleader,SPECIES_MAGBY,Y
Volkner,gymleader,SPECIES_PACHIRISU,Y
Volkner,gymleader,SPECIES_PICHU,Y
Volkner,gymleader,SPECIES_PIPLUP,Y
Volkner,gymleader,SPECIES_PONYTA,Y
Volkner,gymleader,SPECIES_REMORAID,Y
Volkner,gymleader,SPECIES_ROTOM,Y
Volkner,gymleader,SPECIES_SHINX,Y
Volkner,gymleader,SPECIES_SNEASEL,Y
Volkner,gymleader,SPECIES_TURTWIG,Y
Volkner,gymleader,SPECIES_TYNAMO,Y
Volkner,gymleader,SPECIES_VOLTORB,Y
Volkner,gymleader,SPECIES_WINGULL,Y
Wallace,champion,SPECIES_BARBOACH,Y
Wallace,champion,SPECIES_BELDUM,Y
Wallace,champion,SPECIES_BLACEPHALON,Y
Wallace,champion,SPECIES_CARVANHA,Y
Wallace,champion,SPECIES_CELEBI,Y
Wallace,champion,SPECIES_CLAMPERL,Y
Wallace,champion,SPECIES_DRACOVISH,Y
Wallace,champion,SPECIES_DRATINI,Y
Wallace,champion,SPECIES_FEEBAS,Y
Wallace,champion,SPECIES_GOLDEEN,Y
Wallace,champion,SPECIES_GROUDON,Y
Wallace,champion,SPECIES_KYOGRE,Y
Wallace,champion,SPECIES_LOTAD,Y
Wallace,champion,SPECIES_LUVDISC,Y
Wallace,champion,SPECIES_MAGIKARP,Y
Wallace,champion,SPECIES_MEDITITE,Y
Wallace,champion,SPECIES_MINUN,Y
Wallace,champion,SPECIES_MUDKIP,Y
Wallace,champion,SPECIES_PIPLUP,Y
Wallace,champion,SPECIES_PLUSLE,Y
Wallace,champion,SPECIES_REGICE,Y
Wallace,champion,SPECIES_REGIROCK,Y
Wallace,champion,SPECIES_REGISTEEL,Y
Wallace,champion,SPECIES_RELICANTH,Y
Wallace,champion,SPECIES_SPHEAL,Y
Wallace,champion,SPECIES_STARYU,Y
Wallace,champion,SPECIES_TENTACOOL,Y
Wallace,champion,SPECIES_TORKOAL,Y
Wallace,champion,SPECIES_WAILMER,Y
Wally,rival,SPECIES_AZURILL,Y
Wally,rival,SPECIES_BUDEW,Y
Wally,rival,SPECIES_FLETCHLING,Y
Wally,rival,SPECIES_GIBLE,Y
Wally,rival,SPECIES_MAGNEMITE,Y
Wally,rival,SPECIES_RALTS,Y
Wally,rival,SPECIES_SKITTY,Y
Wally,rival,SPECIES_SWABLU,Y
Wally,rival,SPECIES_ZIGZAGOON,Y
Wattson,gymleader,SPECIES_CLEFFA,Y
Wattson,gymleader,SPECIES_ELECTRIKE,Y
Wattson,gymleader,SPECIES_ELEKID,Y
Wattson,gymleader,SPECIES_MAGNEMITE,Y
Wattson,gymleader,SPECIES_MAREEP,Y
Wattson,gymleader,SPECIES_MINUN,Y
Wattson,gymleader,SPECIES_NINCADA,Y
Wattson,gymleader,SPECIES_PHANPY,Y
Wattson,gymleader,SPECIES_PICHU,Y
Wattson,gymleader,SPECIES_PLUSLE,Y
Wattson,gymleader,SPECIES_RAIKOU,Y
Wattson,gymleader,SPECIES_ROTOM,Y
Wattson,gymleader,SPECIES_SKITTY,Y
Wattson,gymleader,SPECIES_TORKOAL,Y
Wattson,gymleader,SPECIES_VOLTORB,Y
Wattson,gymleader,SPECIES_WAILMER,Y
Whitney,gymleader,SPECIES_AIPOM,Y
Whitney,gymleader,SPECIES_BIDOOF,Y
Whitney,gymleader,SPECIES_BONSLY,Y
Whitney,gymleader,SPECIES_BUNEARY,Y
Whitney,gymleader,SPECIES_CLEFFA,Y
Whitney,gymleader,SPECIES_DEERLING,Y
Whitney,gymleader,SPECIES_DITTO,Y
Whitney,gymleader,SPECIES_DODUO,Y
Whitney,gymleader,SPECIES_DRATINI,Y
Whitney,gymleader,SPECIES_ENTEI,Y
Whitney,gymleader,SPECIES_FARFETCHD,Y
Whitney,gymleader,SPECIES_GIRAFARIG,Y
Whitney,gymleader,SPECIES_HAPPINY,Y
Whitney,gymleader,SPECIES_IGGLYBUFF,Y
Whitney,gymleader,SPECIES_LICKITUNG,Y
Whitney,gymleader,SPECIES_MAGBY,Y
Whitney,gymleader,SPECIES_MEOWTH,Y
Whitney,gymleader,SPECIES_MILTANK,Y
Whitney,gymleader,SPECIES_MIMEJR,Y
Whitney,gymleader,SPECIES_MINCCINO,Y
Whitney,gymleader,SPECIES_NIDORAN_F,Y
Whitney,gymleader,SPECIES_ODDISH,Y
Whitney,gymleader,SPECIES_PATRAT,Y
Whitney,gymleader,SPECIES_PHANPY,Y
Whitney,gymleader,SPECIES_PICHU,Y
Whitney,gymleader,SPECIES_PIDGEY,Y
Whitney,gymleader,SPECIES_PSYDUCK,Y
Whitney,gymleader,SPECIES_RHYHORN,Y
Whitney,gymleader,SPECIES_SKITTY,Y
Whitney,gymleader,SPECIES_SMEARGLE,Y
Whitney,gymleader,SPECIES_STANTLER,Y
Whitney,gymleader,SPECIES_SUICUNE,Y
Whitney,gymleader,SPECIES_TAUROS,Y
Whitney,gymleader,SPECIES_TEDDIURSA,Y
Wikstrom,elite4,SPECIES_DEDENNE,Y
Wikstrom,elite4,SPECIES_FARFETCHD,Y
Wikstrom,elite4,SPECIES_HONEDGE,Y
Wikstrom,elite4,SPECIES_KARRABLAST,Y
Wikstrom,elite4,SPECIES_KLEFKI,Y
Wikstrom,elite4,SPECIES_LITWICK,Y
Wikstrom,elite4,SPECIES_NOSEPASS,Y
Wikstrom,elite4,SPECIES_RALTS,Y
Wikstrom,elite4,SPECIES_SCYTHER,Y
Wikstrom,elite4,SPECIES_SWABLU,Y
Will,elite4,SPECIES_ABRA,Y
Will,elite4,SPECIES_ARTICUNO,Y
Will,elite4,SPECIES_BRONZOR,Y
Will,elite4,SPECIES_CELEBI,Y
Will,elite4,SPECIES_CLEFFA,Y
Will,elite4,SPECIES_DROWZEE,Y
Will,elite4,SPECIES_EEVEE,Y
Will,elite4,SPECIES_ELEKID,Y
Will,elite4,SPECIES_EXEGGCUTE,Y
Will,elite4,SPECIES_GIRAFARIG,Y
Will,elite4,SPECIES_HAPPINY,Y
Will,elite4,SPECIES_HO_OH,Y
Will,elite4,SPECIES_LUGIA,Y
Will,elite4,SPECIES_MANTYKE,Y
Will,elite4,SPECIES_MOLTRES,Y
Will,elite4,SPECIES_NATU,Y
Will,elite4,SPECIES_RALTS,Y
Will,elite4,SPECIES_SLOWPOKE,Y
Will,elite4,SPECIES_SMOOCHUM,Y
Will,elite4,SPECIES_SPOINK,Y
Will,elite4,SPECIES_TOTODILE,Y
Will,elite4,SPECIES_ZAPDOS,Y
Winona,gymleader,SPECIES_ARON,Y
Winona,gymleader,SPECIES_DRATINI,Y
Winona,gymleader,SPECIES_GROUDON,Y
Winona,gymleader,SPECIES_HOOTHOOT,Y
Winona,gymleader,SPECIES_KYOGRE,Y
Winona,gymleader,SPECIES_MAGIKARP,Y
Winona,gymleader,SPECIES_MURKROW,Y
Winona,gymleader,SPECIES_PHANPY,Y
Winona,gymleader,SPECIES_RAYQUAZA,Y
Winona,gymleader,SPECIES_RELICANTH,Y
Winona,gymleader,SPECIES_SIGILYPH,Y
Winona,gymleader,SPECIES_SKARMORY,Y
Winona,gymleader,SPECIES_SURSKIT,Y
Winona,gymleader,SPECIES_SWABLU,Y
Winona,gymleader,SPECIES_TAILLOW,Y
Winona,gymleader,SPECIES_TORCHIC,Y
Winona,gymleader,SPECIES_TREECKO,Y
Winona,gymleader,SPECIES_TROPIUS,Y
Winona,gymleader,SPECIES_WINGULL,Y
Winona,gymleader,SPECIES_WURMPLE,Y
Wulfric,gymleader,SPECIES_BERGMITE,Y
Wulfric,gymleader,SPECIES_CRYOGONAL,Y
Wulfric,gymleader,SPECIES_FLETCHLING,Y
Wulfric,gymleader,SPECIES_MIMEJR,Y
Wulfric,gymleader,SPECIES_PAWNIARD,Y
Wulfric,gymleader,SPECIES_PICHU,Y
Wulfric,gymleader,SPECIES_SNOVER,Y
Wulfric,gymleader,SPECIES_XERNEAS,Y
Wulfric,gymleader,SPECIES_YVELTAL,Y
Zoey,anime,SPECIES_AIPOM,Y
Zoey,anime,SPECIES_BUIZEL,Y
Zoey,anime,SPECIES_BUNEARY,Y
Zoey,anime,SPECIES_BURMY,Y
Zoey,anime,SPECIES_CARNIVINE,Y
Zoey,anime,SPECIES_CHIMCHAR,Y
Zoey,anime,SPECIES_CYNDAQUIL,Y
Zoey,anime,SPECIES_EEVEE,Y
Zoey,anime,SPECIES_FINNEON,Y
Zoey,anime,SPECIES_GLAMEOW,Y
Zoey,anime,SPECIES_KRICKETOT,Y
Zoey,anime,SPECIES_MISDREAVUS,Y
Zoey,anime,SPECIES_PIPLUP,Y
Zoey,anime,SPECIES_RALTS,Y
Zoey,anime,SPECIES_SHELLOS,Y
Zoey,anime,SPECIES_SWINUB,Y
Zoey,anime,SPECIES_TOGEPI,Y
